Millis;P1;P2 

1;0;560;
85;0;680;
182;0;727;
279;0;732;
377;0;732;
474;0;732;
571;0;732;
668;0;732;
770;0;733;
870;0;733;
971;0;732;
1072;0;732;
1172;0;732;
1273;0;732;
1374;0;732;
1474;0;732;
1576;0;732;
1676;0;732;
1776;0;732;
1878;0;732;
1978;0;733;
2078;0;733;
2180;0;732;
2280;0;732;
2381;0;732;
2482;0;732;
2582;0;732;
2683;0;732;
2784;0;732;
2884;0;732;
2985;0;732;
3086;0;732;
3186;0;732;
3287;0;732;
3388;0;732;
3489;0;732;
3589;0;732;
3690;0;732;
3791;0;732;
3891;0;732;
3992;2;732;
4093;28;732;
4193;70;732;
4294;188;732;
4395;417;732;
4495;609;732;
4597;666;732;
4697;671;732;
4797;671;732;
4899;671;732;
4999;672;732;
5099;672;732;
5201;672;732;
5301;672;732;
5401;672;732;
5503;672;732;
5603;672;732;
5704;672;732;
5805;672;732;
5905;672;732;
6007;672;732;
6107;672;732;
6207;672;732;
6309;671;733;
6409;672;733;
6509;672;732;
6611;672;732;
6711;672;732;
6811;672;732;
6912;672;732;
7013;672;732;
7113;672;732;
7214;672;732;
7315;672;733;
7416;672;732;
7516;672;732;
7617;672;732;
7718;672;732;
7818;672;732;
7919;672;732;
8020;672;732;
8120;672;732;
8221;672;732;
8322;672;732;
8422;672;732;
8524;672;732;
8624;672;732;
8724;672;732;
8826;672;732;
8926;672;732;
9026;672;732;
9128;672;732;
9228;672;732;
9328;672;732;
9430;672;732;
9530;672;732;
9630;672;732;
9731;672;732;
9832;672;732;
9933;672;732;
10033;672;732;
10134;672;732;
10235;672;732;
10335;672;732;
10436;672;732;
10537;672;732;
10637;672;732;
10738;672;733;
10839;672;732;
10939;672;732;
11041;672;732;
11141;672;732;
11241;672;732;
11342;672;732;
11443;672;732;
11543;672;732;
11644;672;732;
11745;672;732;
11845;672;732;
11946;672;732;
12047;672;732;
12147;672;732;
12248;672;732;
12348;672;732;
12450;672;732;
12550;672;732;
12650;672;732;
12752;672;732;
12852;672;732;
12952;672;732;
13054;672;732;
13154;672;732;
13254;672;732;
13355;672;732;
13456;672;732;
13557;672;732;
13657;672;732;
13758;672;732;
13859;672;732;
13959;672;732;
14059;672;732;
14161;672;732;
14261;672;732;
14361;672;732;
14462;672;732;
14563;672;732;
14663;672;732;
14764;672;732;
14865;672;732;
14966;672;732;
15066;672;732;
15166;672;732;
15268;672;732;
15368;672;732;
15468;672;732;
15570;672;732;
15670;672;733;
15770;672;732;
15871;672;731;
15972;672;732;
16072;672;732;
16173;672;732;
16273;672;732;
16375;672;732;
16475;672;732;
16575;672;732;
16677;672;732;
16777;672;732;
16877;672;732;
16978;672;732;
17079;672;732;
17179;672;732;
17280;672;732;
17380;672;732;
17481;672;732;
17582;672;732;
17682;672;732;
17784;672;732;
17884;672;732;
17984;672;732;
18085;672;732;
18186;672;732;
18286;672;732;
18387;672;732;
18487;672;732;
18588;672;732;
18689;672;732;
18789;672;732;
18889;672;732;
18991;672;732;
19091;672;732;
19192;672;732;
19293;672;732;
19393;672;732;
19494;672;732;
19594;672;732;
19695;672;732;
19796;672;732;
19896;672;732;
19996;672;732;
20098;672;732;
20198;672;732;
20299;672;732;
20399;672;732;
20500;672;732;
20601;672;732;
20701;672;732;
20801;672;732;
20903;672;732;
21003;672;733;
21103;672;732;
21205;672;731;
21305;671;732;
21405;672;733;
21506;672;732;
21607;672;732;
21708;672;732;
21808;672;733;
21908;672;732;
22010;672;732;
22110;672;732;
22210;672;732;
22311;672;732;
22412;672;732;
22512;672;732;
22613;672;732;
22713;672;732;
22814;672;732;
22915;672;732;
23015;672;732;
23116;672;732;
23217;672;732;
23317;672;732;
23418;672;732;
23518;672;732;
23619;672;732;
23720;672;732;
23820;672;732;
23921;672;732;
24022;672;732;
24122;672;732;
24222;672;732;
24324;674;732;
24424;676;732;
24525;674;732;
24625;677;732;
24726;695;732;
24827;700;732;
24927;675;732;
25027;667;732;
25129;666;732;
25229;666;732;
25329;666;732;
25430;666;732;
25531;666;732;
25632;666;732;
25732;666;737;
25832;666;767;
25934;666;792;
26034;666;782;
26134;666;761;
26235;666;788;
26336;666;806;
26436;666;801;
26537;666;810;
26637;666;813;
26738;666;759;
26839;666;731;
26939;666;741;
27040;666;764;
27141;666;752;
27241;666;730;
27342;666;727;
27442;669;727;
27543;694;727;
27644;692;727;
27744;664;727;
27844;662;727;
27946;662;727;
28046;661;727;
28146;661;727;
28247;662;727;
28348;662;727;
28449;661;727;
28549;661;727;
28649;661;727;
28751;661;727;
28851;661;727;
28951;661;727;
29052;661;727;
29153;662;727;
29253;661;727;
29354;661;727;
29454;662;727;
29555;662;727;
29656;661;727;
29756;662;727;
29857;662;727;
29958;666;727;
30058;671;728;
30159;659;735;
30259;658;746;
30360;657;770;
30461;657;788;
30561;657;763;
30661;657;730;
30763;657;722;
30863;657;722;
30963;657;722;
31064;657;722;
31165;657;722;
31266;657;722;
31366;658;722;
31466;658;722;
31567;658;722;
31668;658;722;
31768;657;722;
31869;657;722;
31969;657;722;
32070;658;722;
32171;658;722;
32271;658;722;
32371;657;722;
32473;657;722;
32573;658;722;
32674;657;722;
32774;659;722;
32875;668;722;
32976;659;722;
33076;654;722;
33176;654;722;
33278;654;722;
33378;654;722;
33478;654;722;
33579;654;731;
33680;654;764;
33781;654;780;
33881;654;749;
33981;654;719;
34083;654;717;
34183;654;718;
34283;654;717;
34384;654;717;
34485;654;717;
34585;654;717;
34686;654;717;
34786;654;717;
34886;657;717;
34988;686;717;
35088;720;717;
35189;725;717;
35289;697;717;
35390;671;717;
35491;651;718;
35591;649;717;
35691;649;717;
35793;649;717;
35893;649;717;
35993;649;717;
36094;649;717;
36195;649;717;
36295;649;717;
36396;649;717;
36496;649;718;
36598;649;718;
36698;649;717;
36798;649;717;
36899;649;718;
37000;649;718;
37100;649;722;
37201;649;738;
37301;652;752;
37402;669;740;
37503;662;720;
37603;645;713;
37703;644;713;
37804;644;713;
37905;644;713;
38006;644;713;
38106;644;713;
38206;644;713;
38308;644;713;
38408;644;713;
38508;644;713;
38609;644;713;
38710;644;713;
38810;644;713;
38911;644;713;
39011;644;713;
39112;644;713;
39213;644;713;
39313;644;713;
39414;644;713;
39515;645;713;
39615;647;713;
39716;657;713;
39816;672;713;
39916;651;713;
40018;640;713;
40118;640;713;
40218;640;713;
40319;640;714;
40420;640;720;
40520;640;724;
40621;640;731;
40721;640;718;
40823;640;709;
40923;640;709;
41023;640;709;
41124;640;709;
41225;640;709;
41325;640;709;
41426;640;709;
41526;640;709;
41627;640;709;
41728;640;709;
41828;640;709;
41928;640;709;
42029;641;709;
42130;646;709;
42231;672;709;
42331;675;709;
42431;641;709;
42533;634;709;
42633;634;709;
42733;634;709;
42834;634;709;
42935;634;709;
43035;634;709;
43136;634;709;
43236;634;709;
43337;634;709;
43438;634;709;
43538;634;709;
43639;634;709;
43739;634;709;
43840;634;709;
43941;634;709;
44041;634;709;
44141;634;712;
44243;634;722;
44343;634;735;
44443;635;734;
44544;638;722;
44645;639;708;
44745;640;704;
44846;635;704;
44946;630;704;
45047;630;704;
45148;629;704;
45248;629;704;
45349;630;704;
45449;630;704;
45550;630;704;
45651;630;704;
45751;630;704;
45851;630;704;
45953;630;704;
46053;629;704;
46153;629;704;
46254;630;704;
46354;630;704;
46456;630;704;
46556;630;704;
46656;629;704;
46757;630;704;
46858;629;704;
46958;630;704;
47059;630;704;
47159;630;704;
47260;630;704;
47361;629;704;
47461;629;704;
47561;630;708;
47662;630;712;
47763;630;713;
47864;629;708;
47964;630;706;
48064;630;713;
48166;630;716;
48266;630;706;
48366;630;700;
48467;630;699;
48568;630;699;
48668;630;699;
48769;630;699;
48869;630;699;
48969;630;699;
49071;630;699;
49171;630;699;
49272;630;699;
49372;630;699;
49473;630;699;
49574;630;699;
49674;630;699;
49774;630;699;
49875;630;699;
49976;630;699;
50076;630;699;
50177;630;699;
50277;630;699;
50379;630;699;
50479;630;699;
50579;630;699;
50680;630;699;
50781;630;699;
50881;630;699;
50982;630;699;
51082;630;699;
51182;630;699;
51284;630;699;
51384;630;699;
51484;630;699;
51585;630;699;
51686;630;699;
51787;630;699;
51887;630;699;
51987;630;699;
52088;630;699;
52189;629;699;
52289;629;699;
52390;630;699;
52490;630;699;
52591;629;699;
52692;631;699;
52792;642;699;
52892;637;699;
52994;627;703;
53094;625;710;
53195;625;719;
53295;625;718;
53395;625;708;
53497;625;696;
53597;625;694;
53697;625;694;
53798;625;695;
53899;625;695;
53999;625;694;
54100;625;694;
54200;625;694;
54300;625;694;
54402;625;694;
54502;625;694;
54603;625;695;
54703;625;695;
54804;625;695;
54905;625;695;
55005;625;695;
55105;626;694;
55206;633;694;
55307;627;695;
55407;621;694;
55508;620;694;
55608;620;694;
55709;620;694;
55810;620;694;
55910;620;694;
56011;620;694;
56111;620;695;
56212;620;694;
56313;620;695;
56413;620;695;
56513;620;694;
56615;620;694;
56715;620;695;
56815;620;697;
56916;620;703;
57016;620;714;
57117;620;714;
57218;621;701;
57318;622;691;
57419;633;690;
57520;627;690;
57620;615;690;
57721;615;690;
57821;615;690;
57921;615;690;
58023;615;690;
58123;615;690;
58223;615;690;
58324;615;690;
58425;615;690;
58525;615;690;
58626;615;690;
58726;615;690;
58827;615;690;
58928;615;690;
59028;615;690;
59129;615;690;
59229;615;690;
59330;619;690;
59431;632;690;
59531;620;690;
59631;612;690;
59732;611;690;
59833;612;690;
59933;612;690;
60034;612;690;
60134;612;690;
60236;611;690;
60336;611;690;
60436;611;690;
60537;612;695;
60637;611;709;
60738;612;704;
60839;612;694;
60939;612;701;
61039;612;693;
61141;612;686;
61241;612;686;
61341;612;686;
61442;612;686;
61542;611;686;
61644;611;686;
61744;611;686;
61844;612;686;
61945;612;686;
62046;612;686;
62146;612;686;
62247;612;686;
62347;612;686;
62447;612;686;
62549;609;686;
62649;606;686;
62749;605;686;
62850;606;686;
62951;606;686;
63052;606;686;
63152;606;686;
63252;606;686;
63353;606;686;
63454;606;686;
63554;606;686;
63655;606;686;
63755;606;686;
63855;606;686;
63957;606;686;
64057;606;686;
64157;606;695;
64258;606;702;
64359;606;699;
64460;607;685;
64560;607;681;
64660;612;681;
64761;623;681;
64862;644;681;
64962;622;681;
65063;602;681;
65163;602;681;
65263;602;681;
65365;602;681;
65465;602;681;
65565;602;681;
65666;602;681;
65767;602;681;
65868;602;681;
65968;602;681;
66068;602;681;
66169;602;681;
66270;602;681;
66370;602;681;
66471;602;681;
66571;602;681;
66672;602;681;
66773;602;681;
66873;602;682;
66973;602;688;
67074;602;689;
67175;601;678;
67276;602;676;
67376;602;677;
67476;602;677;
67577;602;677;
67678;602;677;
67778;602;677;
67879;602;676;
67979;602;677;
68080;601;677;
68181;602;677;
68281;602;676;
68381;602;676;
68482;602;677;
68583;602;676;
68684;602;677;
68784;602;677;
68884;602;677;
68985;602;677;
69086;602;677;
69186;602;676;
69287;602;677;
69387;602;677;
69488;602;677;
69589;602;677;
69689;602;677;
69789;602;677;
69890;602;677;
69991;602;678;
70092;602;680;
70192;602;679;
70292;602;692;
70394;602;697;
70494;602;677;
70594;606;672;
70695;621;672;
70795;617;672;
70896;611;672;
70997;599;672;
71097;597;672;
71197;597;672;
71298;597;672;
71399;597;672;
71500;597;672;
71600;597;672;
71700;597;672;
71802;597;672;
71902;597;672;
72002;597;672;
72103;597;672;
72203;597;672;
72304;597;672;
72405;597;672;
72505;597;672;
72605;597;672;
72706;597;672;
72807;597;672;
72908;597;672;
73008;597;672;
73108;597;672;
73210;597;672;
73310;597;672;
73410;597;672;
73511;597;679;
73611;599;685;
73712;601;670;
73813;610;667;
73913;605;667;
74013;593;667;
74114;592;667;
74215;592;667;
74316;592;667;
74416;592;667;
74516;592;667;
74618;592;667;
74718;592;667;
74818;592;667;
74919;592;667;
75019;592;667;
75120;592;667;
75221;592;667;
75321;592;667;
75421;592;667;
75522;592;667;
75623;592;667;
75724;592;667;
75824;592;667;
75924;592;667;
76026;593;667;
76126;596;667;
76226;596;667;
76327;588;667;
76427;587;667;
76528;587;667;
76629;587;667;
76729;587;667;
76829;587;667;
76930;587;670;
77031;587;680;
77132;587;674;
77232;587;663;
77332;587;662;
77433;587;662;
77534;587;662;
77634;587;662;
77735;587;663;
77835;587;663;
77936;587;662;
78037;587;662;
78137;587;662;
78237;587;662;
78338;587;662;
78439;590;663;
78540;599;662;
78640;590;662;
78740;583;662;
78841;583;662;
78942;583;663;
79042;583;663;
79143;583;662;
79243;583;662;
79344;583;662;
79445;583;662;
79545;583;662;
79645;583;662;
79746;583;662;
79847;583;663;
79948;583;667;
80048;583;685;
80148;583;703;
80249;583;677;
80350;583;658;
80450;583;657;
80551;583;657;
80651;583;657;
80751;583;657;
80853;583;657;
80953;583;657;
81053;591;657;
81154;596;657;
81255;580;657;
81356;578;658;
81456;578;657;
81556;578;657;
81657;578;657;
81758;578;657;
81858;578;657;
81959;578;657;
82059;578;657;
82159;578;657;
82261;578;657;
82361;578;657;
82461;578;657;
82562;578;657;
82663;578;657;
82764;578;657;
82864;578;657;
82964;578;657;
83065;578;657;
83166;578;657;
83266;578;657;
83367;578;657;
83467;578;662;
83567;578;674;
83669;578;660;
83769;578;653;
83869;578;653;
83970;578;653;
84070;578;653;
84172;578;653;
84272;578;653;
84372;578;653;
84473;578;653;
84573;578;653;
84674;578;653;
84775;578;653;
84875;578;653;
84975;578;653;
85077;578;653;
85177;578;653;
85277;578;653;
85378;578;653;
85478;578;653;
85580;578;653;
85680;578;653;
85780;578;653;
85881;578;653;
85981;578;653;
86082;578;654;
86183;578;661;
86283;578;665;
86383;578;659;
86484;578;650;
86585;578;648;
86685;578;648;
86786;578;648;
86886;578;648;
86988;579;648;
87088;581;648;
87188;579;648;
87289;582;648;
87389;590;648;
87490;583;648;
87591;584;648;
87691;534;648;
87791;362;648;
87892;133;648;
87993;18;648;
88093;1;648;
88194;1;648;
88294;1;648;
88395;0;648;
88496;0;648;
88596;1;648;
88697;0;648;
88797;0;648;
88897;1;649;
88999;14;659;
89099;50;669;
89199;116;682;
89300;244;692;
89401;503;711;
89501;710;717;
89602;754;681;
89702;756;647;
89803;756;642;
89904;756;642;
90004;756;642;
90105;756;642;
90205;756;642;
90305;756;643;
90407;755;643;
90507;755;642;
90607;756;642;
90708;756;643;
90809;756;643;
90909;756;643;
91010;756;643;
91110;756;643;
91211;756;643;
91312;755;642;
91412;756;642;
91513;756;642;
91613;756;642;
91713;756;643;
91815;756;643;
91915;756;642;
92015;756;642;
92116;756;643;
92216;756;647;
92317;756;664;
92418;756;655;
92518;756;640;
92619;756;638;
92719;756;638;
92820;756;638;
92921;756;638;
93021;756;638;
93121;756;638;
93223;756;638;
93323;756;638;
93423;756;638;
93524;756;638;
93624;756;638;
93725;756;638;
93826;756;638;
93926;756;638;
94027;756;638;
94127;756;638;
94228;756;638;
94329;756;638;
94429;756;638;
94529;756;638;
94630;756;638;
94731;756;638;
94831;755;638;
94932;756;638;
95032;756;638;
95132;764;638;
95234;801;638;
95334;846;638;
95435;861;638;
95535;859;638;
95636;853;638;
95737;831;638;
95837;791;638;
95937;757;638;
96038;751;638;
96139;756;638;
96239;754;638;
96340;751;638;
96440;751;644;
96540;751;635;
96642;751;503;
96742;751;204;
96843;751;20;
96943;751;0;
97043;751;0;
97145;751;0;
97245;751;0;
97345;751;0;
97446;751;0;
97546;751;0;
97647;751;0;
97748;751;0;
97848;758;0;
97948;790;0;
98049;826;0;
98150;834;0;
98251;829;0;
98351;821;0;
98451;805;0;
98553;791;0;
98653;782;0;
98753;773;0;
98854;774;0;
98954;781;0;
99055;787;0;
99156;789;0;
99256;794;0;
99356;795;0;
99457;793;3;
99558;792;22;
99659;787;69;
99759;787;115;
99859;790;210;
99960;788;414;
100061;777;545;
100161;766;626;
100262;761;689;
100362;763;724;
100462;765;734;
100564;761;738;
100664;757;738;
100764;758;738;
100865;763;738;
100965;772;738;
101067;776;738;
101167;770;738;
101267;755;738;
101368;750;738;
101491;752;738;
101616;748;738;
101738;744;738;
101862;747;738;
101945;753;738;
102042;756;738;
102140;758;738;
102237;756;738;
102334;757;738;
102432;759;738;
102529;759;738;
102625;755;738;
102722;756;738;
102820;756;738;
102917;756;738;
103014;757;738;
103111;765;738;
103209;777;739;
103305;796;738;
103402;815;738;
103500;814;738;
103597;792;738;
103694;759;738;
103791;745;740;
103889;744;739;
103986;745;738;
104083;745;738;
104184;745;738;
104284;745;738;
104384;745;738;
104485;745;738;
104586;745;738;
104686;745;738;
104787;745;738;
104887;745;738;
104988;745;738;
105089;745;738;
105189;745;738;
105289;745;738;
105390;745;738;
105491;745;738;
105592;745;738;
105692;745;738;
105792;745;738;
105893;746;738;
105994;754;738;
106094;775;738;
106195;802;738;
106295;822;738;
106395;844;738;
106497;861;738;
106597;852;738;
106697;814;738;
106798;770;738;
106898;754;738;
107000;747;738;
107100;741;738;
107200;741;738;
107301;741;738;
107401;740;738;
107502;740;738;
107603;740;738;
107703;741;738;
107803;740;738;
107904;740;738;
108005;741;738;
108105;740;738;
108206;740;738;
108306;740;738;
108407;741;738;
108508;740;738;
108608;740;738;
108709;740;738;
108809;740;738;
108909;740;738;
109011;740;738;
109111;740;738;
109211;740;738;
109312;740;738;
109412;740;738;
109513;741;738;
109614;740;737;
109714;740;739;
109815;741;738;
109915;740;738;
110016;740;738;
110117;740;738;
110217;740;738;
110317;741;738;
110418;741;738;
110519;741;737;
110619;740;738;
110720;740;739;
110820;740;738;
110920;740;738;
111022;740;738;
111122;740;738;
111223;740;738;
111323;741;738;
111423;741;738;
111525;740;738;
111625;740;738;
111725;740;738;
111826;741;739;
111926;746;738;
112027;760;738;
112128;774;738;
112228;790;738;
112328;792;741;
112429;766;754;
112530;742;775;
112631;734;795;
112731;735;836;
112831;736;844;
112932;737;843;
113033;736;814;
113133;737;786;
113234;737;777;
113334;737;781;
113434;737;770;
113536;736;749;
113636;736;733;
113736;736;731;
113837;737;732;
113937;737;734;
114039;737;734;
114139;737;733;
114239;750;733;
114340;774;733;
114440;805;733;
114541;817;733;
114642;812;734;
114742;806;733;
114842;797;733;
114943;790;734;
115044;783;733;
115144;779;733;
115245;773;733;
115345;759;733;
115446;745;733;
115547;738;734;
115647;739;734;
115748;745;734;
115848;754;733;
115948;767;733;
116050;791;733;
116150;785;733;
116250;764;733;
116351;755;733;
116451;746;733;
116552;736;734;
116653;732;737;
116753;732;758;
116854;732;786;
116954;732;809;
117055;732;798;
117156;732;784;
117256;732;798;
117356;732;797;
117457;732;771;
117558;732;756;
117658;732;749;
117759;732;739;
117859;732;730;
117959;732;729;
118060;732;729;
118161;732;728;
118262;732;728;
118362;732;728;
118462;732;729;
118563;732;729;
118664;732;729;
118764;732;729;
118865;733;728;
118965;740;728;
119065;786;729;
119167;836;728;
119267;864;728;
119367;845;728;
119468;810;728;
119568;752;728;
119670;725;728;
119770;727;728;
119870;728;729;
119971;728;728;
120071;728;729;
120172;728;728;
120273;728;729;
120373;728;732;
120473;728;746;
120574;728;757;
120675;728;773;
120775;728;779;
120876;728;763;
120976;728;752;
121077;728;743;
121178;728;735;
121278;728;724;
121379;730;724;
121479;735;724;
121579;764;724;
121681;807;724;
121781;814;724;
121881;789;724;
121982;757;724;
122082;737;724;
122183;729;724;
122284;724;724;
122384;724;724;
122485;724;724;
122585;724;724;
122686;724;724;
122787;724;724;
122887;724;724;
122987;724;724;
123088;724;724;
123189;724;723;
123289;724;723;
123390;723;724;
123490;724;724;
123590;725;724;
123691;735;724;
123792;761;724;
123893;789;724;
123993;808;724;
124093;799;726;
124194;775;724;
124295;764;724;
124395;755;724;
124496;748;724;
124596;740;724;
124696;731;724;
124798;725;724;
124898;719;724;
124998;717;724;
125099;717;724;
125199;718;724;
125301;718;724;
125401;719;724;
125501;719;724;
125602;718;724;
125702;718;724;
125803;718;724;
125904;718;724;
126004;719;724;
126104;722;724;
126205;724;724;
126306;724;724;
126406;724;724;
126507;724;724;
126607;724;724;
126707;724;724;
126809;724;724;
126909;723;724;
127010;724;724;
127110;725;724;
127210;733;724;
127311;754;724;
127412;796;724;
127512;836;724;
127613;821;724;
127713;780;724;
127813;758;724;
127915;747;724;
128015;738;724;
128115;736;724;
128216;740;724;
128316;751;724;
128418;766;724;
128518;769;724;
128618;753;724;
128719;752;724;
128819;746;724;
128920;736;724;
129021;728;724;
129121;720;724;
129221;718;724;
129322;718;724;
129423;719;727;
129523;718;742;
129624;719;751;
129724;719;783;
129825;718;810;
129926;718;797;
130026;718;782;
130127;719;797;
130227;719;806;
130327;719;790;
130428;719;777;
130529;720;766;
130629;729;754;
130730;730;760;
130830;720;793;
130930;718;804;
131032;719;795;
131132;719;775;
131233;719;755;
131333;719;739;
131433;719;722;
131535;719;719;
131635;719;719;
131735;718;719;
131836;719;719;
131936;719;719;
132037;719;719;
132138;719;719;
132238;719;719;
132338;719;719;
132439;719;719;
132540;719;719;
132641;719;719;
132741;719;719;
132841;719;719;
132942;719;719;
133043;719;719;
133143;719;719;
133244;719;719;
133344;719;719;
133444;719;719;
133545;719;719;
133646;719;719;
133746;719;718;
133847;719;719;
133947;719;719;
134048;719;719;
134149;719;719;
134249;719;719;
134350;719;719;
134450;719;719;
134550;719;719;
134652;719;725;
134752;719;735;
134852;719;739;
134953;719;741;
135053;719;728;
135154;719;720;
135255;719;719;
135355;718;738;
135456;719;787;
135556;727;796;
135657;749;774;
135758;771;744;
135858;803;740;
135958;847;749;
136059;880;752;
136160;902;755;
136260;888;736;
136361;814;721;
136461;748;716;
136561;717;715;
136662;713;715;
136763;713;715;
136864;713;715;
136964;713;715;
137064;713;714;
137165;713;714;
137266;713;715;
137366;713;715;
137467;713;715;
137567;713;714;
137667;713;715;
137769;713;715;
137869;713;715;
137969;713;714;
138070;713;714;
138170;713;714;
138272;713;714;
138372;713;715;
138472;713;715;
138573;713;715;
138673;713;715;
138774;713;715;
138875;714;715;
138975;727;715;
139075;775;715;
139176;833;715;
139276;856;715;
139377;849;715;
139478;805;715;
139578;750;715;
139678;708;715;
139779;706;715;
139880;708;715;
139981;709;715;
140081;709;715;
140181;709;714;
140282;709;715;
140383;709;715;
140483;709;715;
140584;709;715;
140684;709;715;
140784;709;715;
140886;709;716;
140986;709;732;
141086;709;749;
141187;709;752;
141287;709;766;
141389;709;774;
141489;714;777;
141589;729;784;
141690;753;784;
141790;793;785;
141890;796;780;
141992;769;777;
142092;738;769;
142192;717;768;
142293;706;769;
142393;704;773;
142494;704;788;
142595;705;795;
142695;705;787;
142796;705;784;
142896;705;780;
142997;705;781;
143098;704;773;
143198;706;770;
143298;714;770;
143399;717;752;
143500;717;732;
143600;710;715;
143701;709;709;
143801;709;709;
143901;709;709;
144003;710;709;
144103;716;709;
144204;710;709;
144304;705;709;
144404;705;709;
144505;705;709;
144606;710;709;
144706;709;709;
144807;708;709;
144907;709;709;
145007;709;709;
145109;709;709;
145209;709;709;
145309;720;713;
145410;745;723;
145510;773;752;
145612;775;783;
145712;758;791;
145812;735;778;
145913;717;753;
146013;705;746;
146114;705;751;
146215;708;742;
146315;709;714;
146415;709;704;
146516;723;703;
146617;759;704;
146717;796;704;
146818;805;704;
146918;770;704;
147019;730;704;
147120;707;704;
147220;703;704;
147321;707;704;
147421;709;704;
147521;707;704;
147622;714;704;
147723;737;704;
147823;740;704;
147924;739;704;
148024;741;704;
148124;736;704;
148226;717;704;
148326;706;705;
148427;705;711;
148527;705;711;
148627;705;711;
148729;705;711;
148829;704;705;
148929;704;704;
149030;705;704;
149130;705;711;
149231;705;739;
149332;705;762;
149432;706;764;
149532;721;764;
149633;748;750;
149734;783;737;
149835;824;713;
149935;846;704;
150035;820;699;
150136;771;699;
150236;746;699;
150337;715;699;
150438;717;699;
150538;720;699;
150638;726;699;
150739;719;699;
150840;729;699;
150940;750;699;
151041;756;699;
151141;754;699;
151241;721;699;
151343;701;699;
151443;700;699;
151544;700;699;
151644;700;699;
151744;700;699;
151846;700;698;
151946;700;699;
152046;700;699;
152147;700;699;
152247;700;699;
152347;706;699;
152449;745;699;
152549;801;699;
152649;843;699;
152750;846;699;
152850;790;699;
152952;725;699;
153052;702;699;
153152;696;699;
153253;695;699;
153353;695;699;
153454;695;699;
153555;695;699;
153655;695;699;
153755;695;699;
153856;696;699;
153957;695;699;
154057;695;699;
154158;695;699;
154258;695;699;
154359;695;699;
154459;695;699;
154560;695;699;
154661;695;699;
154761;695;699;
154861;695;699;
154962;695;699;
155063;695;699;
155163;698;699;
155264;721;705;
155364;759;740;
155464;806;730;
155566;841;710;
155666;832;700;
155767;785;701;
155867;736;723;
155967;721;761;
156069;720;748;
156169;700;713;
156269;692;700;
156370;690;714;
156470;690;752;
156570;690;789;
156672;690;820;
156772;690;841;
156872;690;810;
156973;690;733;
157073;690;697;
157175;690;694;
157275;690;694;
157375;690;694;
157476;690;694;
157576;690;694;
157677;690;694;
157778;690;694;
157878;690;694;
157978;709;694;
158079;778;694;
158180;817;694;
158280;803;694;
158381;779;694;
158481;748;694;
158582;707;694;
158682;699;694;
158783;725;694;
158884;760;701;
158984;790;739;
159084;793;777;
159185;772;804;
159286;750;798;
159386;731;748;
159487;699;712;
159587;685;696;
159687;684;694;
159789;684;694;
159889;684;694;
159990;684;699;
160090;684;712;
160190;684;730;
160292;684;743;
160392;684;753;
160492;684;737;
160593;684;705;
160693;684;691;
160793;684;690;
160895;684;690;
160995;684;690;
161095;684;690;
161196;684;690;
161296;684;690;
161398;687;690;
161498;712;690;
161598;762;690;
161699;778;690;
161799;729;690;
161900;692;690;
162001;682;690;
162101;680;690;
162201;680;690;
162302;679;690;
162403;679;690;
162503;679;695;
162604;679;726;
162704;679;762;
162805;679;772;
162905;679;765;
163006;679;764;
163107;679;737;
163207;679;706;
163307;679;695;
163408;679;691;
163509;679;698;
163609;679;697;
163710;683;702;
163810;708;719;
163910;747;721;
164012;771;710;
164112;740;744;
164213;697;765;
164313;684;762;
164413;681;762;
164515;675;749;
164615;675;726;
164715;675;712;
164816;675;704;
164916;677;689;
165017;676;683;
165118;675;684;
165218;675;685;
165318;675;685;
165419;675;685;
165519;675;685;
165621;675;685;
165721;675;685;
165821;675;685;
165922;675;685;
166022;675;685;
166123;675;685;
166224;675;685;
166324;675;685;
166424;675;685;
166525;675;685;
166626;677;685;
166726;702;685;
166827;743;686;
166927;753;692;
167027;734;696;
167129;698;713;
167229;676;721;
167330;672;714;
167430;672;708;
167530;671;712;
167632;671;721;
167732;671;741;
167832;671;751;
167933;671;741;
168033;671;738;
168133;671;723;
168235;671;696;
168335;671;683;
168435;671;681;
168536;671;681;
168636;671;680;
168738;672;680;
168838;680;680;
168938;714;680;
169039;738;680;
169139;722;680;
169240;687;680;
169341;671;680;
169441;667;680;
169541;666;680;
169642;666;680;
169743;666;680;
169843;666;680;
169944;666;680;
170044;666;680;
170145;666;680;
170246;666;680;
170346;666;680;
170447;666;680;
170547;666;681;
170647;666;681;
170748;666;681;
170849;666;681;
170949;666;681;
171050;672;682;
171150;696;699;
171250;719;735;
171352;712;759;
171452;695;764;
171553;681;764;
171653;669;750;
171753;663;732;
171855;662;731;
171955;662;717;
172055;662;697;
172156;661;690;
172256;662;680;
172357;662;676;
172458;662;676;
172558;662;676;
172658;661;676;
172759;662;676;
172860;662;676;
172961;662;676;
173061;662;676;
173161;662;676;
173262;662;676;
173362;662;676;
173463;662;676;
173564;662;676;
173664;662;676;
173764;662;676;
173865;662;676;
173966;662;676;
174066;662;676;
174167;662;676;
174267;662;676;
174368;662;676;
174469;662;676;
174569;662;676;
174670;662;680;
174770;662;695;
174870;662;709;
174972;662;721;
175072;662;699;
175172;662;700;
175273;662;716;
175373;662;724;
175474;662;703;
175575;662;693;
175675;662;697;
175776;662;704;
175876;662;702;
175977;662;696;
176078;662;694;
176178;662;693;
176278;662;696;
176379;662;695;
176479;662;695;
176580;662;699;
176681;662;702;
176781;661;710;
176881;662;710;
176982;661;704;
177083;661;703;
177184;662;703;
177284;662;702;
177384;662;700;
177485;662;708;
177586;662;710;
177686;662;704;
177787;662;705;
177887;662;705;
177987;662;707;
178088;661;718;
178189;661;731;
178289;662;717;
178390;662;708;
178490;662;695;
178590;662;676;
178692;662;673;
178792;662;672;
178893;662;672;
178993;662;672;
179093;662;672;
179195;662;672;
179295;662;672;
179395;662;672;
179496;662;672;
179596;662;672;
179697;662;672;
179798;662;672;
179898;662;672;
179998;662;672;
180099;662;672;
180199;662;673;
180301;662;684;
180401;662;712;
180501;662;745;
180602;662;763;
180702;662;770;
180803;662;769;
180904;662;757;
181004;662;715;
181104;662;670;
181205;662;668;
181306;662;668;
181406;662;668;
181507;662;668;
181607;662;668;
181708;662;668;
181808;662;668;
181909;662;668;
182010;662;668;
182110;662;668;
182210;662;668;
182311;662;668;
182412;662;668;
182512;662;668;
182613;662;668;
182713;662;668;
182813;662;668;
182915;662;668;
183015;662;668;
183116;662;668;
183216;662;678;
183316;662;705;
183418;662;735;
183518;662;763;
183618;662;785;
183719;662;767;
183819;662;717;
183919;662;681;
184021;662;673;
184121;662;663;
184221;662;660;
184322;662;660;
184422;662;661;
184524;662;662;
184624;662;663;
184724;662;663;
184825;662;663;
184925;662;663;
185026;662;663;
185127;662;663;
185227;662;663;
185327;662;663;
185428;662;663;
185528;662;662;
185629;662;662;
185730;662;663;
185830;662;663;
185931;662;663;
186031;662;663;
186132;662;663;
186233;662;663;
186333;661;663;
186433;662;663;
186534;662;663;
186635;662;663;
186735;662;667;
186836;662;691;
186936;662;722;
187036;662;739;
187137;662;736;
187238;662;724;
187339;662;706;
187439;662;688;
187539;662;675;
187640;662;666;
187741;662;659;
187841;662;658;
187942;662;658;
188042;662;658;
188142;662;658;
188244;662;658;
188344;662;658;
188444;662;658;
188545;662;658;
188645;662;658;
188747;662;658;
188847;662;658;
188947;662;658;
189048;662;658;
189148;662;658;
189248;662;658;
189350;662;658;
189450;662;658;
189550;662;658;
189651;662;658;
189751;662;660;
189852;662;672;
189953;662;701;
190053;662;712;
190153;662;726;
190254;662;741;
190355;662;745;
190456;662;728;
190556;662;689;
190656;662;667;
190757;662;656;
190857;662;653;
190958;662;653;
191059;662;653;
191159;662;653;
191259;662;653;
191360;662;653;
191461;662;653;
191561;662;653;
191662;662;653;
191762;662;653;
191863;662;653;
191964;662;653;
192064;662;653;
192165;662;653;
192265;662;653;
192365;662;653;
192466;662;653;
192567;662;653;
192667;662;653;
192768;662;653;
192868;662;653;
192968;662;656;
193070;662;677;
193170;662;683;
193271;662;677;
193371;662;705;
193471;662;733;
193573;662;697;
193673;662;661;
193773;662;653;
193874;662;655;
193974;662;666;
194074;662;704;
194176;662;759;
194276;662;788;
194376;662;769;
194477;662;705;
194577;662;661;
194679;662;649;
194779;662;648;
194879;662;648;
194980;662;648;
195080;662;648;
195181;662;648;
195282;662;648;
195382;662;648;
195482;662;648;
195583;662;648;
195683;662;648;
195784;662;648;
195885;662;648;
195985;662;648;
196086;662;648;
196186;662;648;
196287;662;648;
196388;662;649;
196488;662;650;
196588;662;662;
196689;662;697;
196790;662;730;
196890;662;738;
196991;662;712;
197091;662;703;
197191;662;679;
197292;662;650;
197393;662;645;
197494;662;648;
197594;662;648;
197694;662;648;
197795;662;648;
197896;662;652;
197996;662;658;
198097;662;658;
198197;662;650;
198297;662;649;
198421;662;652;
198543;662;651;
198667;662;655;
198788;662;694;
198871;662;693;
198968;662;673;
199064;662;655;
199162;662;648;
199259;663;644;
199356;667;644;
199453;664;644;
199551;662;644;
199647;670;644;
199744;662;644;
199842;468;644;
199939;131;644;
200036;6;644;
200132;1;644;
200230;1;644;
200327;1;644;
200424;1;644;
200521;1;644;
200619;1;644;
200715;1;644;
200812;1;644;
200912;10;644;
201012;37;644;
201112;86;644;
201214;221;644;
201314;325;644;
201414;375;644;
201515;459;644;
201615;584;644;
201717;660;644;
201817;673;644;
201917;673;644;
202018;673;644;
202118;673;644;
202219;673;644;
202320;673;644;
202420;673;644;
202520;673;644;
202621;673;644;
202721;673;644;
202822;673;645;
202923;673;650;
203023;673;647;
203123;673;643;
203224;673;582;
203325;673;323;
203426;673;71;
203526;673;1;
203626;673;0;
203727;673;0;
203827;673;0;
203928;673;0;
204029;673;0;
204129;673;0;
204229;673;0;
204330;673;0;
204431;673;0;
204531;673;0;
204632;673;0;
204732;673;0;
204833;673;0;
204934;680;13;
205034;734;38;
205135;802;60;
205235;749;141;
205335;674;338;
205436;669;601;
205537;669;708;
205637;669;728;
205738;669;732;
205838;669;732;
205938;669;732;
206040;669;732;
206140;669;732;
206241;669;732;
206341;669;732;
206441;669;732;
206542;669;732;
206643;669;732;
206743;669;732;
206844;669;732;
206944;669;732;
207044;676;732;
207146;743;732;
207246;803;732;
207346;705;732;
207447;665;732;
207547;664;732;
207648;664;732;
207749;664;732;
207849;664;732;
207950;664;732;
208050;664;732;
208150;664;732;
208252;664;732;
208352;664;732;
208452;664;732;
208553;664;732;
208653;664;732;
208754;664;732;
208855;668;732;
208955;697;732;
209056;785;732;
209156;824;732;
209256;702;732;
209358;660;732;
209458;659;732;
209558;659;732;
209659;659;732;
209759;659;732;
209860;659;732;
209961;659;732;
210061;659;732;
210161;659;732;
210262;659;732;
210362;659;732;
210464;659;732;
210564;659;732;
210664;659;732;
210765;659;732;
210865;659;732;
210966;661;732;
211067;710;732;
211167;827;739;
211267;786;767;
211368;670;825;
211468;654;897;
211569;654;978;
211670;654;1054;
211770;654;1094;
211870;654;1093;
211971;654;986;
212072;654;788;
212173;654;729;
212273;654;728;
212373;654;727;
212474;654;727;
212574;654;727;
212675;654;727;
212776;654;727;
212876;654;728;
212976;654;728;
213077;654;727;
213178;654;727;
213278;654;727;
213379;654;727;
213479;654;727;
213580;654;727;
213680;654;727;
213781;654;727;
213882;654;727;
213982;654;728;
214082;654;727;
214183;654;727;
214284;654;727;
214384;654;727;
214485;654;727;
214585;654;727;
214685;654;727;
214786;654;727;
214887;655;734;
214988;663;783;
215088;674;917;
215188;662;982;
215289;654;1032;
215390;660;1011;
215490;703;816;
215591;736;725;
215691;707;723;
215791;663;723;
215892;654;723;
215993;654;723;
216093;656;723;
216194;687;723;
216294;769;723;
216395;839;723;
216496;770;723;
216596;663;723;
216697;650;723;
216797;650;723;
216897;650;723;
216998;650;723;
217099;650;723;
217199;650;723;
217300;650;723;
217400;650;723;
217500;650;723;
217602;650;723;
217702;650;723;
217803;650;723;
217903;650;723;
218003;650;737;
218104;656;786;
218205;702;844;
218305;813;911;
218406;904;993;
218506;786;1069;
218606;658;1047;
218708;646;820;
218808;646;721;
218908;646;718;
219009;646;718;
219109;646;718;
219209;646;718;
219311;646;718;
219411;646;718;
219512;646;718;
219612;646;718;
219712;646;718;
219814;646;718;
219914;646;718;
220014;646;718;
220115;646;718;
220215;646;718;
220315;646;718;
220417;646;718;
220517;646;718;
220617;648;718;
220718;685;718;
220818;794;718;
220920;848;727;
221020;757;763;
221120;657;828;
221221;641;933;
221321;640;1044;
221421;641;1115;
221523;641;1119;
221623;641;939;
221723;641;740;
221824;641;711;
221924;641;713;
222025;641;713;
222126;641;713;
222226;640;713;
222327;641;713;
222427;641;713;
222527;641;713;
222629;641;713;
222729;641;713;
222829;641;713;
222930;641;713;
223030;641;713;
223131;641;713;
223232;641;713;
223332;641;713;
223432;641;713;
223533;641;713;
223633;641;713;
223735;641;713;
223835;641;713;
223935;641;713;
224036;641;713;
224136;641;713;
224236;641;713;
224338;641;723;
224438;641;803;
224538;641;965;
224639;641;1131;
224739;641;1138;
224840;641;849;
224941;641;713;
225041;643;709;
225142;663;709;
225242;742;709;
225342;852;709;
225444;847;709;
225544;704;709;
225644;638;709;
225745;636;709;
225845;636;709;
225946;636;709;
226047;636;709;
226147;636;709;
226247;636;709;
226348;636;709;
226448;636;709;
226550;636;709;
226650;636;709;
226750;636;709;
226851;636;709;
226951;636;709;
227052;636;709;
227153;636;709;
227253;636;709;
227353;636;709;
227454;636;709;
227554;636;709;
227655;636;709;
227756;636;709;
227856;636;709;
227957;636;709;
228057;636;709;
228158;636;709;
228259;636;709;
228359;636;709;
228459;636;709;
228560;636;709;
228660;636;709;
228761;636;709;
228862;636;709;
228962;636;709;
229062;636;709;
229163;636;709;
229264;636;709;
229365;636;709;
229465;636;709;
229565;636;709;
229666;636;709;
229766;650;709;
229867;727;709;
229968;836;709;
230068;780;709;
230168;651;711;
230269;631;729;
230370;631;741;
230470;631;717;
230571;631;718;
230671;631;741;
230771;631;733;
230872;631;709;
230973;631;704;
231074;631;706;
231174;631;730;
231274;631;798;
231375;631;890;
231475;631;976;
231576;631;969;
231677;631;802;
231777;631;710;
231877;631;704;
231978;631;704;
232079;631;704;
232179;631;704;
232280;631;704;
232380;631;704;
232481;631;704;
232581;631;704;
232682;631;704;
232783;631;704;
232883;631;704;
232983;631;704;
233084;631;704;
233184;631;704;
233285;631;704;
233386;631;704;
233486;631;704;
233586;631;704;
233687;631;704;
233788;631;704;
233889;631;704;
233989;631;704;
234089;631;708;
234190;631;734;
234290;631;791;
234391;631;890;
234492;631;1020;
234592;631;1112;
234692;631;1077;
234793;631;841;
234893;631;699;
234994;631;699;
235095;631;699;
235195;631;699;
235296;631;699;
235396;631;699;
235496;631;699;
235598;631;699;
235698;631;699;
235798;631;699;
235899;631;699;
235999;631;699;
236100;631;699;
236201;633;699;
236301;637;699;
236401;636;699;
236502;632;699;
236602;631;699;
236704;631;699;
236804;631;699;
236904;631;699;
237005;631;699;
237105;631;699;
237205;632;699;
237307;650;710;
237407;654;771;
237507;634;882;
237608;631;1022;
237708;631;1137;
237808;637;923;
237910;691;718;
238010;819;694;
238110;882;694;
238211;717;694;
238311;631;694;
238413;628;694;
238513;628;694;
238613;628;694;
238714;628;694;
238814;628;694;
238914;628;694;
239016;628;694;
239116;628;694;
239216;628;694;
239317;628;694;
239417;628;694;
239517;628;694;
239619;628;694;
239719;628;694;
239820;628;694;
239920;628;694;
240020;633;694;
240121;649;694;
240222;708;694;
240322;803;694;
240423;714;694;
240523;629;694;
240623;627;694;
240724;628;694;
240825;628;694;
240925;628;694;
241026;636;694;
241126;705;694;
241227;800;694;
241328;699;694;
241428;630;697;
241529;628;723;
241629;647;786;
241729;753;896;
241830;901;1068;
241931;804;1216;
242031;645;1286;
242132;624;1101;
242232;624;768;
242332;624;688;
242433;624;689;
242534;624;689;
242635;624;688;
242735;624;689;
242835;624;688;
242936;624;688;
243036;624;689;
243137;624;689;
243238;625;689;
243338;648;689;
243438;715;689;
243539;831;689;
243639;953;689;
243740;820;689;
243841;636;689;
243941;618;688;
244041;618;688;
244142;618;689;
244242;618;689;
244344;618;689;
244444;618;689;
244544;618;689;
244645;618;689;
244745;618;689;
244845;618;689;
244947;618;689;
245047;618;689;
245147;618;691;
245248;618;719;
245348;618;779;
245448;618;879;
245550;621;1031;
245650;653;1150;
245751;717;1098;
245851;812;813;
245951;843;687;
246052;684;684;
246153;616;684;
246253;614;684;
246354;614;684;
246454;614;684;
246554;614;684;
246655;614;684;
246756;614;684;
246856;614;684;
246957;614;684;
247057;614;684;
247158;614;684;
247258;614;684;
247359;614;684;
247460;614;684;
247560;614;684;
247660;614;684;
247761;623;684;
247861;671;684;
247962;773;684;
248063;878;684;
248163;792;684;
248263;634;684;
248364;608;684;
248464;608;684;
248566;608;694;
248666;608;743;
248766;608;826;
248867;608;1075;
248967;608;1143;
249068;608;1027;
249169;608;765;
249269;608;681;
249369;608;679;
249470;608;679;
249570;608;679;
249670;608;679;
249772;608;679;
249872;608;679;
249973;608;679;
250073;608;679;
250173;608;679;
250274;608;679;
250375;608;679;
250475;608;679;
250576;608;679;
250676;608;679;
250776;608;679;
250877;608;679;
250978;608;679;
251078;608;679;
251179;608;679;
251279;608;679;
251379;608;679;
251480;608;679;
251581;608;679;
251682;608;679;
251782;608;679;
251882;608;679;
251983;608;679;
252083;608;679;
252184;608;679;
252285;608;679;
252385;608;679;
252485;608;679;
252586;608;679;
252686;608;696;
252787;608;780;
252888;608;895;
252988;608;1028;
253089;615;1180;
253189;657;1261;
253289;757;1062;
253391;837;749;
253491;721;675;
253591;612;674;
253692;603;674;
253792;603;674;
253892;603;674;
253994;603;674;
254094;603;674;
254194;603;674;
254295;603;674;
254395;603;674;
254496;603;674;
254597;603;674;
254697;603;674;
254798;603;674;
254898;603;674;
254998;603;674;
255099;603;674;
255200;603;674;
255300;603;674;
255401;603;674;
255501;603;674;
255601;603;674;
255702;603;674;
255803;603;674;
255904;603;674;
256004;603;674;
256104;603;674;
256205;603;674;
256306;603;674;
256406;603;674;
256507;603;674;
256607;603;674;
256707;603;674;
256809;603;674;
256909;603;674;
257009;603;674;
257110;603;674;
257210;603;674;
257312;603;678;
257412;603;710;
257512;603;788;
257613;603;886;
257713;603;1024;
257814;603;1159;
257915;603;1031;
258015;603;730;
258115;603;669;
258216;603;669;
258317;604;670;
258417;616;670;
258518;691;669;
258618;823;669;
258718;775;669;
258820;620;669;
258920;598;669;
259021;598;669;
259121;598;669;
259221;598;669;
259323;598;669;
259423;598;669;
259523;598;669;
259624;598;669;
259724;598;669;
259825;598;671;
259926;598;702;
260026;598;924;
260126;598;1066;
260227;598;1123;
260328;598;987;
260429;598;734;
260529;598;666;
260629;598;665;
260730;598;665;
260831;598;665;
260931;600;665;
261032;614;665;
261132;692;665;
261232;815;665;
261334;719;665;
261434;601;665;
261534;593;665;
261635;593;665;
261735;593;665;
261836;593;665;
261936;593;665;
262037;593;665;
262138;593;665;
262238;593;665;
262338;593;665;
262439;593;665;
262539;593;665;
262640;593;665;
262741;593;665;
262841;593;665;
262941;593;665;
263042;593;665;
263142;593;665;
263244;593;665;
263344;593;665;
263444;593;665;
263545;593;665;
263645;593;665;
263745;593;665;
263847;593;665;
263947;593;665;
264047;593;666;
264148;593;697;
264248;593;791;
264348;593;877;
264450;593;936;
264550;593;1035;
264651;593;1126;
264751;593;1025;
264851;593;770;
264952;593;665;
265053;593;660;
265153;593;660;
265254;593;660;
265354;593;660;
265454;593;660;
265555;593;660;
265656;593;660;
265756;593;660;
265857;593;660;
265957;593;660;
266057;593;660;
266158;593;660;
266259;594;660;
266360;593;660;
266460;593;660;
266560;593;660;
266661;594;660;
266761;594;660;
266861;594;660;
266963;594;660;
267063;594;660;
267163;593;660;
267264;593;660;
267364;594;660;
267464;594;660;
267566;593;660;
267666;593;660;
267767;593;660;
267867;594;660;
267967;594;660;
268068;594;660;
268169;594;660;
268269;594;660;
268370;594;660;
268470;594;660;
268570;594;660;
268671;594;660;
268772;593;660;
268872;594;660;
268973;594;660;
269073;594;660;
269174;594;663;
269274;594;699;
269375;594;770;
269476;594;863;
269576;594;1003;
269676;594;1082;
269777;594;978;
269877;594;734;
269978;594;656;
270079;594;656;
270179;594;656;
270279;594;656;
270380;594;656;
270480;594;655;
270582;594;655;
270682;594;655;
270782;594;655;
270883;594;655;
270983;594;656;
271083;594;656;
271185;594;656;
271285;594;656;
271385;594;656;
271486;594;655;
271586;594;655;
271686;594;656;
271788;594;656;
271888;594;655;
271989;594;656;
272089;594;656;
272189;594;656;
272290;594;655;
272391;594;656;
272491;594;655;
272592;594;655;
272692;594;656;
272792;594;656;
272893;594;656;
272994;594;656;
273094;594;656;
273195;594;656;
273295;594;655;
273395;594;655;
273497;594;656;
273597;594;656;
273698;594;656;
273798;594;655;
273898;594;655;
273999;594;655;
274100;595;655;
274200;595;655;
274301;594;655;
274401;594;655;
274501;594;656;
274603;594;671;
274703;595;680;
274803;594;659;
274904;595;655;
275004;595;655;
275106;595;655;
275206;594;657;
275306;594;695;
275407;595;793;
275507;595;933;
275607;595;1113;
275709;595;1234;
275809;595;1057;
275909;595;733;
276010;595;652;
