8511,0.02
8754,-0.04
8875,0.03
8995,0.09
9116,0.02
9238,-0.1
9359,-0.14
9480,-0.14
9601,0.09
9722,0.05
9843,-0.13
9964,-0.04
10088,0.07
10210,0.1
10331,-0.13
10451,-0.11
10573,-0.16
10694,0.21
10815,0.07
10937,-0.01
11058,-0.05
11179,0.09
11300,0.07
11421,-0.02
11542,-0.06
11663,-0.05
11785,-0.16
11906,-0.0
12027,-0.09
12151,-0.09
12272,-0.1
12393,-0.0
12515,0.16
12636,0.02
12758,-0.09
12878,-0.05
13000,-0.14
13121,-0.11
13243,-0.18
13364,-0.01
13486,-0.2
13607,0.04
13728,-0.08
13850,-0.09
13974,0.15
14095,0.05
14217,0.03
14338,0.0
14459,0.03
14580,-0.05
14702,0.02
14823,-0.15
14945,-0.12
15066,-0.01
15187,-0.02
15308,-0.04
15430,0.06
15551,0.16
15673,0.1
15794,-0.05
15919,-0.03
16039,-0.2
16161,-0.16
16282,-0.19
16404,-0.07
16525,-0.09
16647,-0.05
16768,-0.05
16889,-0.19
17011,-0.18
17132,-0.32
17254,-0.09
17376,-0.19
17497,-0.18
17618,-0.05
17740,-0.19
17864,-0.0
17986,0.07
18107,-0.17
18229,-0.05
18351,0.11
18471,0.03
18593,0.06
18715,0.07
18836,0.12
18958,0.07
19080,0.13
19201,-0.07
19322,-0.05
19444,0.12
19565,0.01
19689,0.0
19811,-0.14
19933,-0.07
20054,-0.09
20175,-0.02
20297,-0.18
20418,-0.05
20540,-0.03
20662,-0.05
20783,-0.16
20904,-0.19
21026,-0.08
21147,0.03
21269,-0.05
21391,0.02
21515,-0.17
21637,-0.27
21757,-0.11
21879,-0.08
22001,0.06
22122,0.18
22244,-0.09
22366,-0.27
22487,-0.24
22608,-0.08
22730,-0.02
22851,-0.07
22973,0.09
23095,-0.01
23216,0.02
23341,-0.04
23461,-0.04
23583,0.07
23704,-0.03
23826,-0.03
23948,0.25
24069,0.15
24190,-0.11
24312,0.14
24434,-0.05
24555,-0.15
24677,0.01
24799,-0.12
24920,-0.02
25041,-0.21
25165,-0.1
25287,0.09
25409,-0.23
25530,-0.15
25652,-0.22
25774,-0.14
25895,0.06
26016,-0.0
26138,-0.07
26260,-0.25
26381,-0.18
26503,-0.27
26625,-0.14
26745,-0.09
26867,-0.12
26992,0.0
27114,0.2
27235,-0.08
27357,-0.02
27479,0.0
27599,-0.11
27721,-0.13
27843,-0.01
27965,-0.09
28086,-0.03
28208,-0.09
28329,-0.13
28451,-0.07
28573,-0.05
28695,-0.05
28819,-0.1
28941,0.0
29063,-0.11
29185,-0.02
29305,0.08
29427,-0.05
29549,0.01
29671,-0.12
29792,-0.08
29914,-0.14
30035,-0.01
30156,-0.09
30278,-0.1
30400,-0.22
30522,-0.2
30646,-0.03
30767,-0.04
30888,-0.14
31010,-0.2
31131,-0.25
31253,-0.28
31375,0.13
31497,0.04
31618,-0.14
31739,-0.27
31861,-0.23
31982,-0.03
32104,-0.36
32226,-0.27
32347,-0.01
32472,-0.18
32592,-0.11
32714,-0.09
32836,-0.28
32957,-0.13
33079,0.04
33201,0.0
33321,0.1
33443,-0.15
33565,-0.15
33686,-0.1
33808,-0.23
33930,-0.18
34051,-0.16
34172,-0.28
34296,0.0
34418,-0.25
34540,-0.15
34661,0.01
34783,-0.12
34905,-0.25
35025,-0.03
35147,-0.05
35269,-0.02
35390,-0.03
35512,0.04
35634,0.14
35755,0.07
35876,-0.02
35998,0.06
36122,0.01
36244,-0.04
36365,-0.12
36487,-0.24
36609,-0.26
36729,-0.27
36851,0.06
36973,-0.07
37094,-0.08
37216,-0.44
37338,-0.25
37458,-0.13
37580,0.11
37702,0.04
37823,0.01
37948,-0.14
38070,-0.14
38191,-0.01
38312,-0.01
38434,-0.09
38555,-0.11
38677,-0.02
38799,0.0
38920,-0.12
39042,0.07
39163,-0.1
39285,-0.25
39406,0.06
39528,0.06
39650,-0.17
39775,0.01
39897,0.08
40018,0.1
40139,-0.26
40261,-0.13
40383,0.03
40505,-0.1
40627,-0.23
40749,-0.23
40870,-0.1
40991,-0.15
41113,-0.09
41235,-0.09
41357,-0.27
41479,-0.27
41603,-0.18
41724,-0.0
41846,0.06
41968,-0.14
42090,-0.07
42212,-0.08
42333,-0.07
42455,-0.14
42576,-0.19
42698,-0.04
42820,-0.09
42942,-0.24
43063,-0.07
43185,0.03
43310,0.37
43431,74.34
43552,112.68
43674,133.35
43796,648.18
43918,822.97
44040,738.73
44162,724.5
44283,724.68
44405,724.62
44527,724.61
44649,724.38
44771,724.45
44893,724.55
45018,724.6
45139,724.51
45261,724.64
45383,724.67
45505,724.65
45627,724.48
45749,724.45
45871,724.63
45992,724.41
46114,724.28
46236,724.52
46358,724.55
46480,724.61
46602,724.66
46726,724.51
46848,724.57
46969,724.68
47091,724.42
47213,724.64
47335,724.59
47457,724.5
47579,724.41
47700,724.4
47822,724.5
47944,724.34
48066,724.67
48188,724.76
48313,724.56
48435,724.45
48557,724.69
48678,724.55
48800,724.49
48922,724.41
49044,724.55
49166,724.48
49288,724.77
49410,724.68
49532,724.57
49654,724.53
49776,724.52
49898,724.61
50022,724.59
50144,724.55
50266,724.51
50387,724.46
50510,724.62
50632,724.59
50754,724.17
50876,724.46
50998,724.5
51120,724.38
51241,724.41
51363,724.48
51486,724.41
51608,724.39
51733,724.45
51855,724.57
51977,724.48
52099,724.52
52220,724.56
52342,724.51
52464,724.43
52586,724.68
52708,724.56
52830,724.41
52952,724.5
53073,724.41
53195,724.67
53317,724.42
53441,724.53
53563,724.44
53685,724.46
53807,724.48
53928,724.26
54050,724.42
54172,724.82
54294,724.59
54416,724.59
54538,724.35
54660,724.6
54781,724.56
54903,724.54
55025,724.47
55150,724.42
55272,724.56
55394,724.34
55516,724.57
55638,724.49
55759,724.4
55881,724.42
56003,724.55
56125,724.29
56247,724.33
56369,724.42
56491,724.69
56612,724.64
56734,724.54
56858,724.61
56980,724.58
57102,724.54
57224,724.42
57346,724.25
57467,724.38
57589,724.29
57711,724.37
57833,724.39
57955,724.57
58077,724.56
58199,724.45
58320,724.91
58445,724.52
58567,724.36
58689,724.3
58811,724.78
58933,724.46
59055,724.52
59176,724.44
59298,724.66
59420,724.68
59542,724.5
59664,724.48
59786,724.32
59908,724.36
60029,724.42
60153,724.41
60275,724.31
60397,724.3
60519,724.43
60641,724.39
60763,724.51
60884,724.55
61006,724.63
61128,724.3
61250,724.44
61372,724.64
61494,724.21
61616,724.37
61737,724.57
61862,724.3
62005,724.5
62127,724.07
62248,724.29
62370,724.51
62493,724.43
62615,724.67
62737,724.79
62859,724.32
62981,724.54
63102,724.66
63224,724.27
63346,724.39
63468,724.52
63592,724.56
63714,724.46
63836,724.62
63958,724.5
64079,724.41
64201,724.33
64323,724.43
64445,724.25
64567,724.46
64689,724.37
64811,724.54
64932,724.54
65054,724.36
65176,724.54
65300,724.42
65422,724.35
65544,724.41
65667,724.32
65788,724.32
65910,724.49
66032,724.19
66154,724.29
66276,724.3
66398,724.54
66520,724.64
66641,724.48
66763,724.37
66885,724.62
67009,724.54
67131,724.42
67253,724.42
67375,724.23
67496,724.62
67619,724.27
67741,724.5
67863,724.59
67985,724.32
68107,724.31
68229,724.45
68350,724.49
68472,724.39
68596,724.5
68718,724.36
68840,724.27
68962,724.38
69084,724.2
69206,724.28
69327,724.59
69449,724.29
69571,724.34
69693,724.4
69815,724.75
69937,724.18
70059,724.23
70180,724.53
70305,724.4
70427,724.37
70549,724.55
70671,724.64
70793,724.6
70915,724.39
71036,724.77
71158,724.44
71280,724.27
71402,724.64
71524,724.43
71646,724.55
71768,724.24
71889,724.41
72014,724.42
72136,724.23
72258,724.25
72381,724.39
72503,724.28
72625,724.47
72747,724.37
72868,724.66
72990,724.43
73112,724.29
73234,724.36
73356,724.4
73478,724.17
73601,724.22
73724,724.41
73846,724.3
73969,724.13
74091,724.13
74213,724.68
74335,724.4
74457,724.27
74578,724.51
74701,724.32
74823,724.5
74945,724.02
75067,724.47
75189,724.89
75311,723.84
75435,724.86
75556,724.75
75678,724.38
75800,724.55
75922,723.93
76044,724.09
76166,724.12
76288,724.37
76409,724.41
76531,724.45
76653,724.47
76775,724.22
76897,724.56
77019,724.43
77144,724.41
77265,724.26
77387,724.44
77509,724.45
77631,724.51
77753,724.34
77875,724.37
77997,724.55
78118,724.43
78240,724.37
78362,724.44
78484,724.29
78606,724.35
78728,724.46
78848,724.52
78969,724.5
79091,724.18
79213,724.61
79335,724.66
79457,724.61
79579,724.38
79700,724.4
79822,724.58
79944,724.27
80066,724.31
80188,724.14
80310,724.37
80434,724.41
80556,724.41
80677,724.35
80799,724.62
80921,724.24
81043,724.26
81165,724.55
81287,724.41
81409,724.36
81530,724.09
81652,724.27
81774,724.72
81896,724.29
82018,724.55
82143,724.37
82265,724.47
82386,724.35
82508,724.37
82630,724.47
82752,724.41
82874,724.1
82996,724.32
83118,724.42
83239,724.49
83361,724.45
83483,724.39
83605,724.28
83727,724.38
83852,724.23
83974,724.38
84096,724.22
84217,724.31
84339,724.23
84461,724.25
84583,724.53
84705,724.56
84827,724.18
84948,724.67
85070,724.37
85193,724.16
85315,724.59
85437,724.32
85561,724.4
85683,724.24
85805,724.31
85926,724.48
86048,724.02
86170,724.09
86292,724.26
86414,724.31
86536,724.37
86658,724.1
86779,724.18
86901,724.59
87023,724.36
87145,724.55
87270,724.33
87392,724.33
87514,724.2
87635,724.16
87757,724.39
87879,724.31
88001,724.31
88123,724.15
88245,724.44
88367,724.2
88488,724.29
88610,724.25
88732,724.17
88854,724.29
88979,724.4
89101,724.21
89223,724.18
89345,724.51
89466,724.37
89588,724.52
89710,724.45
89832,724.36
89954,724.37
90076,724.37
90198,724.35
90319,724.38
90441,724.42
90565,724.17
90687,724.27
90809,724.05
90931,724.14
91054,724.24
91175,724.41
91297,724.32
91419,724.37
91541,724.3
91663,724.39
91785,724.49
91907,724.53
92028,724.52
92150,724.32
92274,724.01
92396,724.46
92518,724.06
92640,724.52
92762,723.93
92883,724.47
93005,723.99
93127,724.16
93249,724.43
93371,724.36
93493,724.47
93615,724.33
93737,724.44
93859,724.23
93983,724.42
94105,724.23
94227,724.23
94349,724.32
94471,724.29
94593,724.38
94730,724.51
94853,724.21
94974,724.12
95096,724.11
95218,724.49
95340,724.35
95462,724.21
95585,724.31
95709,724.59
95831,724.15
95953,724.05
96075,724.31
96197,724.23
96319,724.33
96441,724.21
96564,724.44
96686,724.05
96807,724.37
96929,724.19
97051,724.37
97174,724.28
97296,724.18
97421,724.51
97543,724.01
97665,724.46
97786,724.03
97908,724.57
98030,724.23
98152,724.41
98274,724.16
98396,724.31
98519,724.14
98640,724.25
98762,724.41
98884,724.35
99006,724.05
99131,724.41
99253,724.35
99375,724.36
99496,724.42
99618,724.14
99740,724.18
99862,724.21
99984,724.09
100106,724.21
100228,724.37
100350,723.85
100472,724.07
100594,724.35
100719,724.17
100841,724.4
100963,724.45
101085,724.32
101208,724.37
101329,724.15
101451,724.13
101573,724.18
101695,724.0
101818,724.16
101940,724.26
102062,724.27
102183,724.26
102305,724.38
102430,724.22
102552,724.29
102675,724.25
102797,724.17
102919,724.03
103041,724.36
103162,724.07
103285,724.0
103407,724.23
103529,724.0
103651,724.25
103773,724.5
103896,724.16
104019,724.32
104142,724.23
104264,724.05
104386,724.19
104508,724.13
104630,724.48
104753,724.3
104875,724.29
104996,724.42
105118,724.29
105240,724.18
105363,724.09
105485,723.74
105607,724.32
105732,724.25
105853,724.31
105975,724.18
106097,724.32
106220,724.2
106342,724.43
106464,724.35
106586,724.16
106707,724.23
106830,724.0
106952,724.24
107074,724.19
107196,724.18
107321,724.25
107443,724.19
107565,724.46
107687,724.29
107809,724.27
107931,724.14
108054,724.03
108176,724.07
108298,724.23
108420,724.23
108541,724.05
108664,724.35
108786,724.26
108908,724.21
109033,723.95
109155,724.32
109278,724.2
109400,724.21
109521,723.86
109643,724.3
109766,724.33
109888,724.18
110010,724.08
110133,724.49
110255,724.28
110376,724.09
110498,724.24
110623,724.11
110745,724.27
110867,724.44
110990,724.32
111112,724.21
111234,724.16
111355,724.16
111477,724.18
111600,724.11
111722,724.26
111844,724.27
111966,724.04
112089,724.26
112214,724.15
112335,724.14
112457,724.27
112579,724.11
112702,724.16
112824,724.2
112946,724.43
113069,724.24
113190,724.14
113312,724.07
113434,724.19
113557,724.16
113679,724.35
113804,724.24
113926,724.11
114048,724.09
114169,724.27
114291,724.12
114414,724.27
114536,724.34
114658,724.14
114780,724.15
114903,724.05
115024,724.0
115146,724.15
115268,723.95
115390,724.12
115515,724.04
115637,724.15
115760,724.04
115881,724.18
116003,724.42
116125,724.2
116248,724.09
116370,724.24
116492,724.13
116614,724.45
116737,724.18
116858,724.19
116980,724.0
117105,723.93
117227,724.08
117349,724.15
117472,724.09
117594,724.12
117715,724.21
117838,724.03
117960,724.04
118082,724.59
118204,724.18
118327,724.22
118449,723.86
118571,723.95
118693,723.95
118827,724.32
118951,724.18
119075,723.96
119200,724.2
119325,723.81
119449,723.99
119574,724.31
119699,724.33
119823,724.15
119948,723.99
120072,724.17
120197,724.04
120321,724.27
120448,724.15
120572,723.98
120696,724.04
120820,724.08
120945,724.39
121069,724.09
121194,724.09
121318,724.27
121442,723.83
121567,724.16
121691,724.04
121815,724.35
121939,724.59
122066,724.17
122190,724.04
122314,724.09
122439,723.95
122563,724.05
122688,724.06
122812,723.95
122936,724.16
123061,723.94
123185,724.22
123309,724.12
123433,724.0
123557,724.12
123684,724.07
123808,723.94
123933,724.21
124057,723.97
124181,724.42
124306,724.27
124430,724.03
124554,723.87
124678,723.75
124803,724.52
124926,723.81
125050,723.87
125175,724.18
125299,724.14
125426,724.2
125550,723.94
125675,723.93
125799,724.23
125923,724.11
126048,724.07
126172,723.91
126296,724.5
126420,724.4
126544,723.84
126668,724.05
126793,724.24
126917,723.97
127044,724.07
127168,724.02
127292,724.14
127417,724.14
127541,723.81
127665,724.23
127790,723.85
127913,724.27
128037,723.95
128162,724.1
128286,724.16
128410,723.87
128535,724.07
128659,723.95
128786,723.87
128910,724.11
129035,723.91
129159,724.07
129283,724.0
129408,723.83
129531,724.02
129655,724.04
129780,723.89
129904,724.15
130028,724.2
130153,724.07
130277,724.13
130404,723.98
130529,724.1
130653,724.13
130777,724.09
130902,723.95
131025,724.06
131149,724.14
131274,724.14
131398,724.16
131522,724.01
131647,724.05
131771,723.93
131895,724.21
132020,724.05
132147,724.05
132271,724.16
132395,723.93
132519,724.0
132643,723.73
132767,724.06
132892,723.91
133016,724.03
133140,724.19
133265,724.1
133389,724.09
133513,724.02
133638,724.0
133764,724.22
133889,723.95
134012,724.06
134136,724.04
134261,724.02
134385,724.04
134509,724.0
134634,723.72
134758,724.1
134882,723.83
135007,723.99
135131,724.09
135255,723.79
135379,723.93
135501,724.0
135625,724.04
135750,724.1
135874,724.04
135998,723.65
136123,723.64
136247,724.09
136371,724.26
136496,723.97
136620,724.26
136743,723.99
136868,723.95
136992,723.97
137119,724.06
137243,723.95
137367,724.0
137492,723.81
137616,723.97
137740,724.12
137865,723.82
137989,723.95
138113,723.92
138237,724.04
138361,723.98
138485,723.84
138610,723.86
138737,724.07
138861,723.99
138985,724.13
139110,724.14
139234,724.06
139359,724.32
139483,723.81
139607,724.06
139731,724.0
139855,723.86
139979,723.97
140104,723.83
140228,723.82
140352,723.79
140480,723.92
140604,723.88
140729,724.04
140853,723.81
140977,723.99
141102,724.03
141225,723.97
141349,723.79
141474,723.98
141598,723.91
141723,723.87
141847,723.92
141971,723.95
142099,723.87
142223,723.7
142348,724.07
142472,723.95
142597,724.04
142721,724.07
142844,724.05
142969,723.91
143093,723.89
143218,723.78
143342,723.96
143466,723.98
143591,724.02
143715,724.02
143842,723.9
143966,724.1
144091,724.01
144215,723.9
144338,724.23
144463,723.89
144587,723.84
144711,724.19
144836,723.9
144960,724.05
145084,723.95
145209,723.92
145333,724.12
145460,723.68
145584,724.18
145708,723.99
145832,723.82
145956,723.98
146080,723.91
146205,724.04
146329,724.04
146453,723.87
146578,724.3
146702,723.86
146826,724.18
146951,723.64
147075,724.19
147202,723.74
147325,723.67
147450,724.05
147574,723.55
147698,724.03
147823,724.05
147947,723.73
148071,723.86
148195,723.91
148320,723.91
148444,723.75
148568,723.8
148692,723.9
148819,724.11
148943,723.77
149067,723.91
149192,723.94
149316,723.95
149440,723.99
149565,724.08
149689,724.08
149813,723.84
149938,723.9
150062,723.75
150185,723.87
150309,723.97
150434,723.85
150561,723.69
150685,723.69
150809,723.82
150934,723.64
151058,724.06
151182,724.04
151307,724.05
151431,724.09
151555,724.15
151680,724.09
151803,723.87
151927,724.08
152052,723.96
152179,723.97
152303,723.91
152427,723.89
152552,724.03
152676,723.76
152800,723.92
152925,723.88
153049,723.94
153174,723.77
153297,723.79
153421,724.01
153546,723.96
153670,724.13
153795,723.96
153922,724.14
154046,724.0
154170,724.1
154295,724.21
154419,723.99
154543,724.14
154668,723.96
154791,723.83
154915,723.7
155040,723.82
155164,723.94
155288,724.11
155413,723.86
155540,723.95
155664,724.07
155788,723.89
155913,723.82
156037,724.03
156161,723.77
156285,723.63
156409,723.9
156533,723.84
156658,723.72
156782,723.67
156906,724.2
157031,723.92
157155,724.0
157282,723.91
157406,723.86
157531,723.79
157655,723.95
157778,723.76
157903,723.89
158027,723.74
158151,723.83
158276,724.07
158400,724.02
158524,724.05
158648,723.93
158773,723.86
158900,724.03
159024,723.88
159148,723.87
159272,723.94
159396,723.91
159520,724.15
159645,723.68
159769,724.0
159893,724.12
160018,723.86
160142,723.89
160266,723.73
160391,723.83
160518,723.6
160642,723.68
160765,723.74
160890,723.85
161014,724.07
161138,723.92
161263,723.94
161387,723.99
161511,724.08
161636,723.87
161760,724.03
161884,723.84
162009,723.8
162132,723.9
162259,723.71
162383,723.77
162508,723.77
162632,724.12
162756,723.8
162881,723.8
163005,723.93
163130,723.73
163254,723.75
163378,723.78
163503,723.88
163627,723.98
163751,723.87
163878,723.71
164002,723.98
164126,724.03
164251,723.73
164375,723.9
164500,724.16
164624,723.84
164749,723.75
164873,723.9
164998,723.79
165123,723.75
165246,724.13
165371,723.73
165495,723.99
165622,723.65
165747,723.85
165871,723.79
165996,723.88
166120,723.79
166245,723.89
166369,723.75
166493,723.88
166618,723.68
166742,724.18
166865,723.9
166990,723.86
167114,724.04
167241,723.78
167365,723.85
167490,723.94
167614,723.87
167738,723.59
167863,723.93
167987,723.89
168111,723.95
168236,723.88
168359,723.74
168483,723.85
168608,724.07
168732,723.84
168856,723.73
168983,723.84
169107,723.77
169232,723.72
169356,723.63
169480,723.75
169605,723.78
169729,723.71
169852,723.75
169977,723.64
170101,724.01
170225,723.93
170350,723.79
170474,724.08
170601,723.92
170725,724.01
170849,723.84
170974,723.86
171098,723.62
171222,724.02
171345,724.01
171470,723.82
171594,723.79
171718,723.68
171843,723.74
171967,724.0
172091,723.64
172215,723.86
172342,723.94
172467,723.62
172591,723.95
172716,723.93
172839,723.77
172963,723.62
173088,723.55
173212,723.92
173336,724.06
173461,723.79
173585,723.89
173710,723.98
173834,723.88
173961,723.84
174085,723.86
174210,723.87
174333,723.94
174457,723.72
174582,723.81
174706,724.03
174830,724.05
174955,723.84
175079,723.97
175203,723.59
175328,723.76
175452,723.83
175579,723.87
175703,723.86
175827,723.99
175951,723.84
176075,723.87
176200,723.86
176324,724.25
176449,723.99
176573,723.77
176697,724.0
176822,723.55
176946,723.53
177071,723.6
177195,723.87
177321,723.91
177446,723.87
177570,723.89
177695,723.8
177819,723.76
177944,723.64
178068,723.67
178192,723.63
178317,723.64
178441,723.77
178566,723.92
178690,723.88
178813,723.72
178940,723.93
179065,723.85
179189,723.85
179313,723.77
179438,723.82
179562,723.74
179686,723.81
179811,723.92
179935,723.76
180059,723.77
180184,723.61
180307,723.54
180431,723.81
180558,723.87
180683,723.91
180807,723.86
180931,723.75
181056,723.72
181180,723.87
181304,723.88
181429,723.85
181553,723.7
181677,723.86
181801,723.84
181925,723.77
182049,723.63
182174,723.77
182301,723.82
182425,723.93
182549,723.9
182674,723.95
182798,723.9
182922,723.77
183047,723.62
183171,723.64
183294,723.7
183419,723.92
183543,723.86
183667,723.82
183792,723.81
183919,723.8
184043,723.81
184167,723.74
184292,723.58
184416,723.73
184540,723.66
184665,723.97
184788,723.78
184913,723.75
185037,723.71
185161,723.73
185286,723.8
185410,723.66
185534,723.85
185661,723.64
185786,723.71
185910,723.9
186034,723.85
186159,723.86
186283,723.71
186407,723.89
186531,723.82
186655,723.81
186780,723.79
186904,723.87
187028,723.76
187153,723.65
187280,723.64
187404,723.65
187529,723.74
187653,723.71
187778,723.9
187901,723.92
188025,723.86
188150,723.93
188274,723.86
188398,723.72
188523,723.71
188647,723.59
188771,723.58
188896,723.66
189023,723.64
189148,723.58
189272,723.72
189396,723.56
189520,723.85
189645,723.75
189769,723.88
189894,723.66
190018,723.6
190143,723.66
190267,723.73
190391,723.73
190516,723.85
190643,723.71
190767,723.72
190891,723.76
191015,723.59
191139,723.46
191263,723.77
191388,723.48
191512,723.34
191636,723.33
191761,723.57
191885,723.73
192009,723.63
192134,723.68
192258,723.73
192385,723.61
192508,723.76
192633,723.59
192757,723.58
192881,723.57
193006,723.77
193130,723.65
193254,723.78
193379,723.9
193503,723.85
193627,723.9
193752,723.5
193875,723.59
194002,723.64
194126,723.67
194250,723.81
194375,723.72
194499,723.73
194623,723.77
194748,723.69
194872,723.66
194996,723.7
195121,723.74
195245,723.72
195368,723.73
195493,723.59
195617,723.44
195744,723.53
195868,723.84
195993,723.49
196117,723.51
196241,723.64
196366,723.68
196490,723.69
196614,723.68
196739,723.95
196862,723.73
196986,723.7
197111,723.63
197235,723.77
197362,723.58
197486,723.8
197611,723.67
197735,723.73
197859,723.83
197984,723.6
198108,723.75
198232,723.67
198356,723.67
198480,723.53
198604,723.66
198729,723.73
198853,723.33
198977,723.51
199104,723.38
199229,723.66
199353,723.82
199477,723.78
199602,723.73
199726,723.76
199849,723.6
199974,723.76
200098,723.89
200222,723.58
200347,723.64
200471,723.77
200596,723.61
200723,723.34
200847,723.61
200972,723.76
201096,723.68
201220,723.55
201345,723.68
201468,723.75
201592,723.97
201717,723.7
201841,723.61
201965,723.79
202090,723.6
202214,723.64
202338,723.79
202465,723.91
202590,723.89
202714,723.63
202838,723.66
202962,723.6
203086,723.58
203210,723.55
203335,723.69
203459,723.5
203583,723.64
203708,723.74
203832,723.69
203956,723.72
204083,723.69
204208,723.83
204332,723.71
204455,723.62
204580,723.66
204704,723.54
204828,723.73
204953,723.96
205077,723.69
205201,723.69
205326,723.75
205450,723.45
205574,723.25
205699,723.9
205826,723.47
205949,723.63
206073,723.52
206198,723.58
206322,723.74
206446,723.87
206571,723.8
206695,723.64
206819,723.68
206944,723.64
207068,723.69
207192,723.61
207316,723.59
207443,723.49
207567,723.7
207691,723.86
207816,723.51
207940,723.55
208064,723.62
208189,723.69
208313,723.46
208437,723.47
208562,723.82
208686,723.7
208809,723.67
208934,723.58
209061,723.74
209185,723.45
209309,723.52
209434,723.52
209558,723.66
209683,723.55
209807,723.45
209931,723.6
210056,723.91
210180,723.37
210304,723.68
210428,723.82
210552,723.51
210677,723.65
210804,723.51
210928,723.77
211053,723.71
211177,723.83
211301,723.53
211426,723.53
211550,723.65
211675,723.76
211799,723.59
211923,723.64
212047,723.59
212171,723.54
212296,723.74
212423,723.69
212548,723.74
212672,723.59
212797,723.48
212921,723.42
213045,723.57
213170,723.55
213294,723.49
213419,723.34
213542,723.26
213666,723.21
213791,723.67
213915,723.72
214039,723.53
214166,723.58
214291,723.73
214415,723.68
214539,723.38
214664,723.36
214788,723.53
214912,723.66
215036,723.44
215160,723.41
215284,723.38
215409,723.59
215533,723.56
215657,723.55
215784,723.61
215909,723.59
216033,723.56
216157,723.47
216282,723.47
216406,723.68
216529,723.57
216654,723.46
216778,723.5
216902,723.26
217027,723.77
217151,723.45
217275,723.59
217400,723.71
217527,723.79
217651,723.64
217775,723.37
217900,723.68
218023,723.55
218147,723.52
218272,723.45
218396,723.39
218520,723.42
218645,723.33
218769,723.18
218893,723.53
219018,723.54
219145,723.48
219269,723.48
219393,723.64
219517,723.53
219641,723.54
219765,723.91
219890,723.51
220014,723.33
220138,723.5
220263,723.44
220387,723.66
220511,723.4
220636,723.49
220760,723.57
220887,723.32
221010,723.5
221134,723.42
221259,723.43
221383,723.71
221507,723.43
221632,723.53
221756,723.73
221881,723.48
222005,723.52
222129,723.09
222254,723.26
222377,723.73
222504,723.41
222628,723.67
222753,723.59
222877,723.47
223001,723.53
223126,723.54
223250,723.68
223375,723.73
223499,723.64
223623,723.5
223748,723.5
223872,723.41
223996,723.63
224120,723.52
224247,723.69
224371,723.53
224495,723.64
224620,723.41
224744,723.35
224868,723.15
224993,723.16
225117,723.26
225241,723.37
225364,723.29
225489,723.53
225613,723.43
225737,723.6
225873,723.6
225997,723.43
226121,723.5
226246,723.44
226370,723.48
226495,723.57
226619,723.42
226744,723.64
226868,723.56
226992,723.38
227117,723.27
227240,723.34
227365,723.74
227489,723.48
227616,723.27
227740,723.66
227865,723.29
227989,723.25
228113,723.11
228238,723.51
228362,723.58
228487,723.33
228611,723.57
228734,723.59
228859,723.7
228983,723.34
229107,723.41
229234,723.52
229359,723.59
229483,723.71
229607,723.47
229732,723.31
229856,723.55
229981,723.76
230105,723.66
230228,723.37
230353,723.41
230477,723.66
230602,723.66
230726,723.79
230850,723.54
230977,723.27
231102,723.37
231226,723.53
231350,723.52
231475,723.29
231599,723.29
231723,723.42
231847,723.56
231971,723.3
232096,723.35
232220,723.4
232344,723.64
232469,723.68
232596,723.5
232720,723.56
232845,723.59
232969,723.66
233093,723.44
233218,723.34
233341,723.54
233465,723.54
233590,723.55
233714,723.53
233839,723.36
233963,723.55
234088,723.51
234270,723.43
234397,723.46
234521,723.58
234646,723.46
234770,723.64
234895,723.48
235019,723.49
235143,723.56
235268,723.39
235392,723.35
235516,723.5
235640,723.47
235765,723.47
235889,723.45
236016,723.27
236141,723.42
236265,723.44
236390,723.38
236514,723.39
236639,723.4
236763,723.35
236888,723.38
237012,723.47
237136,723.64
237260,723.64
237385,723.45
237509,723.59
237633,723.44
237760,723.28
237885,723.56
238009,723.4
238134,723.32
238258,723.13
238382,723.32
238541,723.33
238666,723.57
238790,723.63
238914,723.32
239039,723.31
239163,723.27
239288,723.36
239415,723.45
239539,723.4
239663,723.35
239788,723.4
239911,723.4
240035,723.52
240160,723.51
240284,723.45
240409,723.62
240533,723.37
240657,723.64
240782,723.35
240906,723.48
241033,723.57
241157,723.35
241282,723.33
241405,723.4
241530,723.61
241654,723.27
241778,723.15
241903,723.41
242027,723.35
242151,723.51
242276,723.46
242400,723.37
242525,723.53
242649,723.3
242776,723.4
242935,723.49
243060,723.37
243184,723.27
243308,723.34
243433,723.32
243557,723.53
243681,723.56
243806,723.37
243930,723.36
244055,723.27
244178,723.59
244302,723.29
244429,723.34
244554,723.49
244678,723.5
244802,723.46
244927,723.07
245051,723.19
245176,723.44
245300,723.23
245424,723.35
245549,723.28
245672,723.25
245797,723.32
245921,723.28
246045,723.41
246172,723.06
246297,723.06
246421,723.43
246545,723.43
246670,723.53
246794,723.34
246919,723.3
247043,723.11
247166,723.45
247325,723.27
247450,723.41
247574,723.43
247699,723.4
247826,723.54
247950,723.42
248075,723.47
248199,723.55
248323,723.69
248448,723.28
248571,723.45
248695,723.41
248820,723.35
248944,723.36
249069,723.49
249193,723.55
249317,723.42
249442,723.42
249569,723.22
249693,723.45
249817,723.32
249942,723.44
250065,723.66
250190,723.38
250314,723.37
250438,723.17
250563,723.39
250687,723.32
250812,723.13
250936,723.25
251060,723.23
251187,723.51
251312,723.39
251436,723.35
251594,723.3
251718,723.25
251842,723.23
251967,723.14
252091,723.44
252215,723.32
252340,723.18
252464,723.57
252589,723.55
252712,723.34
252836,723.41
252963,723.36
253088,723.5
253212,723.3
253337,723.38
253461,723.33
253585,723.31
253710,723.28
253834,723.13
253958,723.01
254083,723.18
254206,723.26
254331,723.13
254455,723.21
254582,723.4
254706,723.51
254831,723.02
254955,723.19
255080,723.32
255204,723.24
255328,723.32
255453,723.46
255577,723.36
255702,723.33
255825,723.24
255984,723.17
256108,723.06
256233,723.31
256360,723.46
256484,723.28
256609,723.41
256733,723.35
256857,723.31
256982,723.37
257105,723.16
257230,723.42
257354,723.11
257479,723.33
257603,723.17
257728,723.33
257852,723.37
257979,723.52
258104,723.43
258228,723.36
258353,723.31
258477,723.26
258600,723.27
258725,723.22
258850,723.27
258974,723.22
259099,723.09
259223,723.27
259348,723.23
259472,723.18
259597,723.36
259724,723.33
259848,723.23
259973,723.39
260097,722.99
260221,722.95
260380,723.23
260504,722.93
260629,723.19
260753,723.3
260878,723.47
261002,723.26
261126,723.5
261251,723.45
261378,723.2
261501,723.26
261625,722.99
261750,723.29
261874,723.43
261999,723.21
262123,723.3
262247,723.43
262372,723.42
262496,723.1
262621,723.21
262745,723.09
262868,723.17
262993,723.21
263120,723.46
263244,723.07
263368,722.96
263493,723.11
263617,723.51
263742,723.46
263866,723.33
263990,723.37
264115,723.07
264239,723.34
264363,723.59
264487,723.54
264611,723.08
264773,723.41
264897,723.41
265022,723.0
265146,723.41
265271,723.09
265395,723.27
265519,723.06
265644,723.05
265767,723.41
265891,723.32
266016,723.38
266140,723.28
266265,723.26
266389,723.28
266516,723.38
266640,723.29
266765,723.23
266889,723.21
267013,723.11
267138,723.47
267261,723.22
267386,723.4
267510,723.21
267634,723.27
267759,723.11
267883,723.18
268007,723.08
268135,723.35
268259,723.54
268383,723.25
268508,722.91
268632,723.13
268756,723.18
268880,723.29
269040,723.3
269164,722.97
269288,723.31
269413,723.09
269537,723.15
269661,722.98
269788,723.05
269913,723.36
270036,723.27
270161,723.21
270285,723.12
270409,723.22
270534,723.26
270658,723.41
270783,723.59
270907,723.35
271032,723.28
271156,723.11
271281,723.57
271405,723.06
271532,723.24
271656,723.09
271780,723.14
271904,723.18
272029,723.3
272153,723.16
272278,723.25
272402,723.17
272526,723.17
272651,723.3
272775,723.18
272900,723.2
273024,723.26
273150,723.32
273275,723.19
273434,723.07
273558,723.25
273683,722.97
273807,723.33
273932,723.12
274056,723.23
274180,722.93
274305,723.14
274428,722.91
274552,722.91
274677,723.3
274804,723.0
274928,723.32
275053,723.18
275177,723.16
275301,723.31
275426,723.15
275550,723.17
275675,723.03
275799,723.33
275923,723.28
276047,723.16
276171,723.02
276296,723.21
276420,723.27
276547,723.29
276672,723.46
276796,723.5
276920,723.18
277045,723.43
277169,723.26
277294,722.95
277417,723.33
277541,723.14
277666,723.17
277825,723.24
277950,723.18
278074,722.94
278201,723.1
278325,723.03
278450,723.29
278574,723.33
278697,723.34
278822,723.39
278946,723.3
279070,723.12
279195,723.31
279319,722.8
279444,723.28
279568,722.9
279692,723.1
279817,723.04
279944,723.2
280068,723.39
280193,723.31
280316,723.14
280441,723.02
280565,723.19
280690,723.17
280814,723.1
280939,723.0
281063,723.15
281188,723.12
281312,723.3
281437,722.91
281564,723.4
281688,723.05
281811,723.29
281936,722.96
282096,723.12
282220,723.21
282345,723.06
282470,723.18
282594,723.24
282719,723.4
282843,723.11
282968,722.95
283091,723.29
283216,723.11
283343,723.18
283467,723.27
283592,723.3
283716,723.48
283841,723.04
283965,723.15
284089,723.03
284214,723.03
284338,723.05
284463,723.17
284587,723.16
284710,723.2
284835,723.17
284962,723.1
285086,723.32
285210,724.28
285335,730.54
285459,735.99
285584,724.86
285708,740.72
285832,825.31
285957,850.78
286081,875.28
286204,889.21
286329,833.52
286489,762.94
286613,804.56
286740,933.72
286865,1166.87
286989,1194.25
287114,1115.5
287238,1173.15
287362,1310.23
287486,1748.82
287610,1907.73
287735,1800.18
287859,1790.5
287984,1680.14
288108,1395.23
288233,789.92
288360,719.04
288484,715.2
288608,725.78
288733,760.03
288857,905.19
288982,996.66
289105,1025.03
289229,863.77
289354,771.78
289478,732.14
289603,711.08
289727,708.94
289851,708.52
289978,709.35
290103,710.43
290227,710.08
290351,710.22
290476,710.13
290599,710.54
290724,710.49
290884,710.17
291009,710.32
291133,710.62
291258,710.64
291382,710.38
291506,710.4
291631,710.24
291758,710.37
291881,710.24
292005,710.58
292130,710.67
292254,710.19
292379,710.32
292503,710.16
292628,710.28
292752,710.25
292876,710.34
293001,710.55
293125,710.41
293249,710.42
293376,710.36
293500,710.47
293624,710.43
293749,710.4
293873,710.25
293998,710.46
294122,710.27
294247,710.35
294371,710.57
294495,710.36
294620,710.45
294744,710.22
294868,710.32
294992,710.2
295153,710.23
295278,710.14
295402,710.32
295526,710.14
295651,710.47
295775,710.22
295900,710.3
296024,710.4
296147,710.17
296272,710.51
296396,710.33
296521,710.18
296645,710.36
296772,710.17
296896,710.24
297021,710.2
297145,710.32
297269,710.38
297394,710.38
297518,710.23
297643,710.19
297766,710.31
297890,710.38
298015,710.42
298139,710.52
298264,710.29
298388,710.55
298515,710.45
298639,710.41
298764,710.64
298888,710.27
299013,710.22
299137,710.36
299260,710.27
299385,710.31
299544,710.36
299668,710.55
299792,710.44
299917,710.65
300041,710.11
300168,710.36
300293,710.33
300417,709.94
300540,710.2
300665,710.32
300789,710.45
300914,710.4
301038,710.36
301162,710.4
301287,710.36
301411,710.38
301535,710.0
301660,710.14
301784,710.35
301911,710.23
302035,710.17
302159,710.3
302283,710.38
302408,710.33
302532,710.36
302657,710.27
302781,710.29
302906,710.42
303030,710.14
303154,710.12
303279,710.15
303403,710.28
303529,710.38
303654,710.55
303778,710.5
303938,710.26
304062,710.2
304187,710.17
304311,710.32
304436,710.24
304560,710.31
304684,710.45
304808,710.11
304932,710.06
305056,710.02
305181,710.37
305308,710.26
305433,710.34
305557,710.44
305682,710.21
305806,710.6
305931,710.28
306055,710.05
306180,710.29
306304,709.98
306428,710.25
306552,710.32
306677,710.33
306801,710.25
306928,709.64
307053,709.83
307177,710.11
307301,710.21
307426,710.08
307550,710.44
307675,710.32
307799,710.23
307922,709.9
308047,710.53
308171,710.18
308331,710.42
308455,710.03
308580,710.14
308702,710.29
308826,710.24
308951,710.21
309074,710.06
309198,710.55
309323,709.8
309447,710.58
309572,710.14
309696,710.33
309820,710.55
309945,710.23
310069,710.28
310193,710.27
310320,709.99
310445,710.37
310568,710.24
310693,710.3
310817,710.39
310942,710.19
311066,710.18
311191,710.09
311315,710.14
311439,710.56
311564,710.49
311688,710.35
311813,710.3
311940,710.18
312064,710.03
312188,710.07
312312,710.23
312437,710.27
312561,710.26
312721,710.25
312845,710.15
312970,710.45
313094,710.36
313218,710.55
313342,710.22
313466,710.12
313593,710.26
313718,710.54
313842,710.35
313966,710.17
314091,710.12
314215,710.18
314339,710.24
314464,710.32
314588,710.35
314713,710.19
314836,710.02
314960,710.05
315085,710.24
315209,710.29
315336,710.18
315461,710.42
315585,710.14
315709,710.02
315834,710.19
315958,710.23
316083,710.15
316207,710.35
316331,710.19
316455,710.19
316579,710.24
316703,710.33
316828,710.17
316990,710.24
317115,710.08
317239,710.32
317364,709.92
317488,710.17
317613,710.27
317736,710.3
317860,710.32
317985,710.06
318109,709.91
318234,709.97
318358,709.97
318482,710.05
318607,710.03
318734,710.16
318858,710.35
318982,710.1
319107,710.11
319230,710.08
319355,710.2
319479,710.12
319603,710.27
319728,710.14
319852,710.16
319976,710.32
320101,710.24
320225,710.1
320352,710.09
320477,710.02
320601,710.26
320724,710.23
320849,710.37
320973,710.05
321097,710.06
321222,710.09
321382,710.01
321506,710.14
321631,710.08
321755,710.03
321879,710.17
322003,710.32
322130,710.02
322254,710.2
322378,710.32
322503,710.14
322627,710.12
322752,710.11
322876,710.18
323000,710.03
323125,710.09
323249,709.96
323373,710.0
323497,710.11
323621,710.2
323748,710.25
323873,710.18
323997,710.21
324121,710.2
324246,710.23
324370,710.21
324495,710.09
324619,710.16
324743,710.3
324868,710.06
324992,710.47
325115,710.06
325240,710.11
325364,710.14
325491,710.31
325616,710.38
325775,710.3
325900,710.19
326024,710.08
326149,710.33
326273,710.09
326397,710.2
326521,710.25
326645,710.18
326770,710.11
326894,710.27
327019,710.36
327146,710.15
327270,710.16
327395,710.31
327520,710.1
327644,710.13
327769,710.16
327892,710.17
328016,710.28
328141,710.0
328265,710.0
328390,710.05
328514,710.23
328639,710.1
328763,710.07
328890,710.2
329015,710.18
329139,710.04
329264,709.99
329388,710.36
329512,710.23
329636,710.22
329761,710.13
329886,710.24
330010,755.38
330169,819.56
330293,957.48
330418,1042.5
330545,1030.55
330669,1155.86
330793,1241.9
330917,1157.89
331042,1135.1
331166,1066.3
331290,935.33
331415,902.35
331539,858.57
331664,794.68
331788,790.03
331912,783.47
332037,823.01
332164,825.97
332288,833.26
332411,846.5
332536,823.02
332660,772.9
332784,769.03
332909,778.28
333033,786.73
333157,795.31
333282,796.79
333406,755.02
333530,726.69
333655,724.29
333778,706.55
333914,695.05
334039,693.97
334162,694.05
334322,693.7
334447,693.71
334571,693.61
334696,693.65
334820,693.61
334944,693.84
335069,693.68
335193,693.65
335318,693.96
335441,693.73
335568,693.53
335692,693.65
335817,693.41
335941,693.69
336065,693.75
336190,693.82
336314,693.71
336439,693.71
336563,693.68
336687,693.72
336812,693.51
336935,693.8
337059,693.5
337184,693.75
337311,693.73
337435,693.69
337559,693.89
337684,693.82
337808,694.0
337932,693.65
338057,693.79
338181,693.77
338306,693.83
338429,694.03
338553,693.8
338678,693.8
338802,693.51
338929,693.53
339053,693.7
339178,693.95
339302,693.83
339426,693.64
339551,693.64
339675,693.76
339800,693.79
339923,693.64
340047,693.53
340172,693.7
340296,693.39
340421,693.79
340545,693.63
340672,693.68
340797,693.7
340921,693.7
341045,693.64
341170,693.61
341294,693.89
341417,693.87
341542,693.91
341666,693.77
341791,693.63
341915,693.77
342039,693.72
342164,693.65
342291,693.58
342415,693.65
342539,693.71
342664,693.71
342788,693.73
342913,693.48
343036,693.36
343160,693.82
343285,693.77
343409,694.18
343533,693.6
343658,693.79
343782,693.47
343906,693.76
344033,693.52
344158,693.68
344282,693.76
344407,693.53
344530,693.6
344654,693.63
344779,693.84
344903,693.63
345027,694.05
345152,693.91
345276,693.71
345401,693.62
345525,693.34
345652,693.62
345776,693.73
345901,693.65
346024,693.52
346148,693.5
346273,693.55
346397,693.73
346522,693.87
346646,693.88
346770,693.77
346895,693.74
347019,693.58
347143,693.72
347268,693.64
347395,693.57
347518,693.41
347643,693.77
347767,693.68
347891,693.51
348016,693.84
348140,693.71
348264,693.64
348389,693.92
348513,693.19
348638,693.63
348762,693.7
348886,693.74
349012,693.56
349137,693.59
349261,693.54
349386,693.75
349510,693.87
349634,693.73
349759,693.76
349883,693.76
350008,693.88
350132,693.43
350257,693.41
350381,693.69
350505,693.73
350629,693.62
350751,693.64
350876,693.82
351000,693.99
351124,693.98
351249,693.81
351373,693.95
351498,693.73
351622,694.02
351747,693.39
351870,693.47
351995,693.4
352119,693.97
352244,693.43
352371,693.59
352495,693.74
352620,694.18
352744,702.41
352869,716.54
352993,702.17
353118,722.05
353242,775.46
353367,748.77
353490,766.35
353614,746.42
353739,732.96
353863,733.77
353990,703.54
354114,693.85
354239,696.0
354363,723.83
354488,779.9
354612,750.52
354736,706.14
354861,693.73
354984,697.48
355108,710.58
355233,713.0
355357,728.36
355482,762.39
355606,756.69
355733,764.82
355857,809.85
355982,928.75
356106,952.02
356230,904.95
356355,826.68
356478,804.95
356602,767.6
356727,726.01
356851,740.35
356976,747.45
357100,801.4
357224,808.63
357351,749.47
357476,740.61
357600,692.03
357724,708.92
357849,702.53
357972,712.39
358096,745.77
358221,752.82
358345,746.44
358470,722.56
358594,691.05
358718,693.27
358843,680.72
358967,677.07
359094,686.21
359218,677.05
359343,677.01
359467,677.08
359591,676.8
359715,676.76
359839,677.52
359964,677.34
360088,677.27
360212,677.43
360337,677.27
360461,677.32
360585,677.49
360712,677.38
360837,677.35
360961,677.12
361085,677.06
361209,677.35
361333,677.4
361458,677.45
361582,676.9
361706,677.16
361831,677.12
361955,677.41
362079,677.13
362204,677.53
362328,676.97
362455,677.46
362579,677.31
362703,676.93
362827,677.44
362952,677.4
363076,677.54
363200,677.07
363325,677.36
363449,677.05
363574,677.87
363698,677.37
363823,677.23
363947,677.33
364073,677.23
364197,677.18
364322,677.28
364446,677.35
364571,677.26
364695,678.05
364819,676.9
364944,677.14
365068,677.08
365192,677.4
365317,677.48
365441,677.33
365565,677.1
365689,677.22
365816,676.96
365940,676.81
366065,677.5
366189,677.26
366313,677.38
366438,677.05
366562,677.28
366687,677.38
366811,677.34
366935,677.38
367059,677.17
367183,677.66
367307,677.35
367434,677.41
367559,676.85
367683,677.26
367808,676.93
367932,677.4
368056,677.74
368181,677.09
368305,677.51
368429,677.48
368553,677.13
368677,677.32
368802,676.84
368926,677.44
369050,677.38
369177,677.12
369302,677.25
369426,677.69
369551,677.28
369675,677.16
369799,670.76
369924,675.37
370048,677.51
370171,677.23
370296,677.53
370420,677.19
370544,676.96
370669,677.27
370796,677.34
370920,679.73
371045,696.16
371169,747.77
371293,731.25
371418,702.36
371542,697.89
371666,725.51
371790,800.6
371914,815.45
372039,820.99
372163,812.21
372288,792.34
372412,763.54
372539,683.82
372663,665.37
372788,666.55
372912,670.83
373037,671.0
373160,670.84
373323,671.09
373447,671.18
373572,670.88
373696,670.84
373820,671.09
373945,671.16
374069,670.92
374196,670.77
374320,671.03
374445,670.88
374568,670.97
374693,670.88
374817,670.77
374941,670.77
375066,670.97
375190,671.07
375315,671.01
375439,670.94
375564,676.42
375688,707.16
375813,736.23
375940,689.0
376065,671.8
376188,671.14
376312,673.07
376437,694.31
376561,787.42
376685,807.64
376810,787.79
376934,754.39
377059,717.83
377183,701.1
377307,718.18
377432,715.75
377559,750.3
377682,766.08
377806,759.58
377931,708.44
378055,680.67
378180,664.74
378304,666.94
378428,667.43
378553,668.04
378677,668.2
378802,668.11
378926,668.77
379049,668.34
379176,668.65
379301,668.68
379425,668.71
379549,668.86
379674,668.59
379798,668.45
379922,668.61
380047,697.99
380171,730.88
380296,670.13
380420,688.94
380544,713.2
380668,672.26
380792,682.51
380919,672.73
381043,668.55
381168,668.26
381292,668.25
381417,668.42
381541,668.35
381665,668.17
381790,668.28
381914,668.37
382038,668.18
382162,668.18
382286,668.38
382411,668.34
382538,671.11
382662,712.05
382786,739.88
382911,688.59
383035,668.39
383159,695.03
383284,678.67
383408,686.53
383533,733.4
383656,702.94
383780,693.62
383905,743.59
384029,707.19
384153,668.29
384280,668.14
384405,668.19
384529,668.21
384653,668.58
384778,668.12
384902,668.14
385027,668.02
385150,668.32
385274,668.34
385399,668.3
385523,669.21
385647,672.96
385772,686.89
385899,731.27
386023,736.09
386147,739.11
386272,727.16
386396,725.88
386521,782.72
386644,809.14
386769,799.61
386893,778.02
387017,763.3
387141,758.09
387266,788.68
387390,852.08
387515,832.08
387642,763.76
387766,730.32
387890,762.11
388015,779.4
388139,744.69
388263,698.07
388387,677.36
388511,661.59
388636,662.62
388760,662.86
388885,662.88
389009,662.49
389133,662.79
389260,662.82
389385,662.64
389509,662.65
389634,662.54
389757,662.49
389881,662.72
390006,662.36
390130,662.45
390254,662.26
390379,662.61
390503,662.62
390628,662.49
390752,662.48
390876,662.92
391003,662.59
391128,662.75
391251,662.81
391375,662.6
391500,662.74
391624,662.58
391749,662.42
391873,662.74
391997,662.74
392122,662.57
392246,662.69
392370,662.56
392495,662.75
392622,662.44
392745,662.65
392870,662.67
392994,662.71
393118,662.66
393243,662.77
393367,662.85
393491,662.58
393616,662.62
393740,662.7
393865,662.59
393989,662.49
394113,662.55
394237,662.6
394364,662.57
394488,662.75
394612,662.71
394737,662.72
394861,662.71
394986,662.52
395110,662.53
395234,662.53
395359,662.61
395483,662.59
395608,662.59
395731,662.53
395856,662.62
395983,662.57
396107,662.4
396231,662.71
396356,662.41
396481,662.57
396605,662.55
396730,662.61
396854,662.7
396978,662.53
397103,662.51
397227,662.62
397351,662.61
397475,662.71
397599,662.7
397727,662.55
397851,662.18
397976,662.4
398100,662.32
398225,662.52
398349,662.42
398474,662.48
398598,662.49
398723,662.59
398846,662.68
398971,662.59
399095,662.58
399220,662.39
399347,662.57
399471,662.53
399595,662.39
399720,662.69
399844,662.45
399969,662.49
400093,662.45
400217,662.63
400342,662.67
400465,662.56
400589,662.51
400714,662.47
400838,662.5
400963,662.56
401090,662.64
401214,662.68
401338,662.48
401463,662.41
401587,662.53
401711,662.47
401836,662.61
401959,662.37
402084,662.48
402208,662.4
402332,662.55
402457,662.59
402581,662.19
402708,662.22
402832,662.93
402957,662.55
403081,662.39
403206,662.55
403330,662.67
403453,662.63
403578,662.47
403702,662.4
403826,662.86
403951,662.66
404075,662.58
404200,662.71
404324,662.58
404451,662.73
404575,662.59
404700,662.5
404824,662.36
404948,662.48
405072,662.57
405197,662.38
405321,662.56
405446,662.72
405570,662.34
405694,662.57
405819,662.34
405943,662.69
406070,662.16
406194,662.54
406319,662.45
406443,662.47
406567,662.63
406691,662.63
406815,662.29
406940,662.43
407064,662.55
407188,662.61
407313,662.43
407437,662.33
407562,662.59
407689,662.23
407813,662.57
407938,662.56
408061,662.05
408185,662.47
408310,662.91
408434,662.73
408558,662.52
408683,662.68
408807,662.81
408932,662.67
409056,662.34
409180,662.64
409305,662.54
409432,662.65
409555,662.55
409680,662.47
409804,662.58
409929,662.17
410053,662.37
410177,662.39
410302,662.53
410426,662.23
410551,662.59
410675,662.64
410799,662.34
410924,662.63
411051,662.61
411174,662.44
411299,662.59
411423,662.57
411547,662.55
411672,662.45
411796,662.33
411920,662.53
412045,662.43
412169,662.33
412294,662.38
412418,662.39
412541,662.43
412666,662.48
412793,662.43
412917,662.41
413041,662.53
413166,662.59
413290,662.45
413415,662.37
413539,662.41
413663,662.68
413788,662.41
413912,662.36
414036,662.76
414160,662.18
414284,662.47
414411,662.64
414536,662.44
414660,662.5
414784,662.67
414909,662.49
415033,662.41
415158,662.51
415282,662.63
415406,662.59
415531,662.38
415654,662.67
415779,662.34
415903,662.04
416027,662.43
416154,662.77
416279,662.49
416403,662.36
416528,662.38
416652,663.02
416776,662.29
416901,662.42
417025,662.52
417148,662.56
417273,662.43
417397,662.55
417522,662.66
417646,662.64
417773,662.6
417897,662.61
418022,662.8
418146,662.5
418271,662.25
418395,662.71
418519,662.41
418643,662.27
418767,662.6
418892,662.55
419016,662.55
419140,661.97
419265,662.2
419389,662.83
419517,662.46
419641,662.54
419765,662.49
419890,662.43
420014,662.57
420139,662.55
420262,662.21
420386,662.52
420511,662.48
420635,662.47
420759,662.52
420884,662.38
421008,662.41
421136,662.36
421260,662.55
421384,662.21
421509,662.35
421633,662.51
421757,662.27
421882,662.4
422006,662.41
422131,662.65
422255,662.42
422379,662.48
422504,662.56
422628,662.52
422753,662.41
422880,662.47
423004,662.53
423128,662.32
423252,662.31
423376,662.39
423500,662.22
423625,662.3
423749,662.51
423874,662.65
423998,662.56
424122,662.64
424247,662.17
424371,662.34
424498,662.32
424622,662.33
424747,662.25
424870,662.44
424994,662.55
425119,662.45
425243,662.32
425368,662.17
425492,662.24
425616,662.29
425741,662.28
425865,662.12
425990,662.32
426114,662.42
426235,662.43
426360,662.26
426484,662.43
426608,662.31
426733,662.27
426857,662.49
426981,662.51
427106,662.59
427230,662.17
427355,662.45
427479,662.3
427602,662.18
427727,662.4
427854,662.41
427978,662.22
428102,662.42
428227,662.33
428351,662.22
428476,662.46
428600,662.29
428724,662.46
428849,662.47
428973,662.3
429097,662.44
429221,662.4
429345,662.53
429472,662.42
429597,662.57
429721,662.45
429845,662.38
429970,662.2
430094,662.39
430219,662.18
430343,662.55
430467,662.34
430592,662.3
430715,662.41
430839,662.11
430964,662.44
431088,662.25
431215,662.47
431340,662.6
431464,662.32
431588,662.33
431713,662.09
431837,662.35
431961,662.47
432086,662.41
432209,662.16
432334,662.27
432458,662.07
432582,662.37
432707,662.46
432834,662.23
432959,662.23
433083,662.16
433207,662.22
433332,662.03
433456,662.28
433580,662.32
433704,662.3
433828,662.73
433953,662.38
434077,662.27
434201,662.46
434326,662.11
434450,662.45
434577,662.25
434702,662.03
434826,662.46
434950,662.26
435075,662.17
435198,662.27
435322,662.3
435447,662.56
435571,662.59
435696,662.61
435820,662.38
435944,662.59
436069,662.42
436196,662.42
436320,662.4
436444,662.23
436569,662.34
436692,662.31
436817,662.28
436941,662.51
437065,662.54
437190,662.27
437314,662.28
437438,662.27
437563,662.45
437687,662.41
437812,662.24
437939,662.32
438063,662.03
438187,662.4
438311,662.15
438435,662.24
438559,662.44
438684,662.31
438808,662.43
438933,662.33
439057,662.42
439181,662.08
439306,662.23
439430,662.33
439557,662.28
439681,662.33
439805,661.95
439929,662.29
440053,662.65
440178,662.29
440302,662.42
440426,662.51
440551,662.52
440675,662.27
440800,662.11
440924,662.08
441048,662.25
441172,662.45
441311,662.33
441436,662.38
441560,662.22
441683,662.2
441807,662.34
441932,662.38
442056,662.35
442180,662.33
442304,662.25
442429,662.21
442553,662.31
442678,662.55
442802,662.38
442929,662.36
443053,662.34
443176,662.41
443300,662.36
443425,662.3
443549,662.44
443673,662.36
443797,662.25
443922,662.38
444046,662.16
444171,662.16
444295,662.27
444419,662.41
444544,662.38
444670,662.28
444794,662.52
444918,662.44
445043,662.38
445167,662.29
445291,662.23
445415,662.34
445540,662.1
445664,662.38
445788,662.09
445912,662.29
446035,662.22
446160,662.41
446286,662.52
446411,662.27
446535,662.32
446659,662.19
446783,662.17
446907,662.26
447032,662.35
447156,662.21
447280,662.45
447404,662.08
447527,662.25
447652,662.33
447776,662.24
447900,662.45
448027,662.13
448151,662.27
448275,662.44
448399,662.49
448524,662.24
448648,662.17
448772,662.23
448896,662.54
449019,662.2
449144,662.41
449268,662.28
449392,662.27
449516,662.37
449643,662.05
449767,662.4
449891,662.45
450016,662.17
450140,662.44
450264,662.33
450387,662.29
450511,662.19
450636,662.21
450760,662.24
450884,662.46
451008,662.48
451132,662.1
451257,662.24
451383,662.25
451508,662.31
451632,662.09
451756,662.14
451879,662.24
452003,662.37
452128,662.35
452252,662.44
452376,662.17
452500,662.34
452624,662.13
452749,662.16
452873,662.42
453000,662.23
453124,662.16
453248,662.2
453371,662.33
453495,662.26
453620,662.24
453744,662.11
453868,662.09
453992,662.23
454116,662.39
454241,662.37
454365,662.1
454489,662.32
454612,662.42
454739,662.23
454863,662.05
454987,662.38
455112,662.27
455236,662.3
455360,662.14
455484,662.1
455609,662.12
455733,662.28
455857,662.23
455981,662.23
456105,662.17
456229,662.07
456356,662.16
456480,662.4
456604,662.17
456728,662.22
456852,662.15
456977,662.27
457101,662.06
457225,662.06
457349,662.1
457474,662.27
457597,662.46
457721,662.21
457845,662.18
457969,662.32
458091,662.35
458216,662.35
458340,662.24
458464,662.22
458588,662.12
458713,662.06
458836,662.05
458960,662.13
459084,662.05
459208,662.0
459332,662.07
459457,662.2
459581,662.34
459708,662.19
459832,662.14
459956,662.18
460080,662.2
460205,662.12
460328,662.12
460452,662.3
460576,662.25
460700,662.11
460825,662.15
460949,661.97
461073,662.06
461197,662.23
461324,662.05
461448,662.23
461572,662.22
461697,661.99
461820,662.1
461944,662.18
462068,662.16
462192,662.23
462317,662.36
462441,662.35
462565,662.16
462689,662.23
462813,662.23
462938,662.23
463064,662.2
463188,662.27
463312,662.18
463436,662.36
463560,662.07
463684,662.15
463809,662.08
463933,662.14
464057,662.27
464181,662.22
464306,662.11
464430,662.26
464553,662.26
464680,662.26
464804,662.39
464929,662.25
465053,662.15
465177,662.02
465301,662.09
465425,662.32
465550,662.1
465674,662.25
465799,662.04
465923,662.05
466046,662.21
466170,662.12
466294,662.2
466421,661.97
466545,661.97
466670,662.12
466794,662.18
466918,662.16
467042,662.17
467167,662.1
467291,662.02
467415,662.12
467538,662.19
467663,662.22
467787,662.07
467912,662.29
468039,662.45
468163,662.16
468287,662.29
468411,661.67
468536,662.13
468660,662.18
468784,662.16
468908,662.15
469031,661.88
469156,662.1
469280,662.18
469404,662.16
469528,662.21
469652,662.19
469779,662.01
469903,662.28
470027,662.0
470152,662.29
470276,662.33
470400,662.18
470523,661.93
470647,662.09
470772,662.27
470896,661.82
471020,662.32
471144,662.24
471268,662.01
471395,662.14
471519,662.07
471644,662.24
471768,662.37
471891,662.17
472015,662.08
472139,662.28
472264,662.11
472388,662.24
472512,662.26
472636,662.17
472760,662.05
472885,662.42
473009,662.03
473136,662.05
473260,662.38
473383,662.35
473507,662.12
473631,662.07
473756,662.28
473880,662.16
474004,662.13
474128,661.96
474252,662.21
474377,661.96
474501,661.91
474625,662.17
474752,662.35
474875,662.17
474999,662.27
475123,661.95
475248,662.04
475372,662.11
475496,662.0
475620,662.21
475744,662.0
475869,662.07
475993,662.32
476116,662.01
476240,662.04
476364,662.1
476491,661.99
476615,662.07
476740,661.95
476864,662.03
476988,662.27
477112,662.3
477236,661.92
477361,661.91
477485,662.12
477608,662.23
477732,661.9
477856,662.23
477981,662.01
478107,662.37
478232,662.29
478356,661.96
478480,662.35
478604,662.41
478729,661.88
478853,662.25
478977,662.1
479100,662.14
479225,662.06
479349,662.18
479473,662.54
479597,662.23
479721,661.91
479848,662.17
479972,662.05
480097,661.82
480221,662.0
480345,662.01
480468,661.95
480592,661.9
480717,661.94
480841,662.49
480965,662.11
481089,661.96
481213,662.22
481338,661.84
481464,662.4
481589,661.9
481713,662.1
481837,662.04
481960,662.05
482084,662.01
482209,661.98
482333,662.34
482457,662.09
482581,662.23
482705,662.19
482830,662.32
482954,662.01
483078,661.99
483205,662.01
483329,662.03
483452,662.0
483576,662.02
483701,662.02
483825,662.05
483949,662.06
484073,662.04
484197,662.22
484321,662.05
484446,662.02
484570,662.24
484694,662.2
484820,662.06
484944,662.07
485068,662.08
485192,662.12
485317,661.77
485441,661.89
485565,664.3
485689,698.91
485813,897.37
485938,1103.88
486062,1364.04
486185,1885.73
486309,1999.12
486436,1974.86
486561,1605.18
486685,1229.72
486809,902.33
486933,662.62
487058,662.79
487182,662.31
487306,694.84
487430,734.0
487555,702.23
487678,711.24
487802,731.31
487926,729.17
488051,770.89
488178,834.76
488302,862.24
488426,811.32
488550,824.38
488675,807.87
488799,758.54
488923,703.73
489048,685.24
489171,672.83
489295,636.84
489419,638.16
489543,641.64
489668,643.68
489795,644.44
489919,644.87
490043,644.7
490168,644.51
490292,644.78
490416,644.79
490541,644.82
490664,644.8
490788,644.71
490913,644.8
491037,644.61
491161,644.61
491286,644.77
491410,644.64
491537,644.81
491681,644.88
491805,644.78
491929,644.56
492053,644.72
492178,644.79
492302,644.62
492426,644.77
492550,644.83
492674,644.8
492798,644.73
492922,644.86
493046,648.19
493173,657.95
493297,661.85
493421,663.07
493545,662.74
493669,663.23
493794,667.85
493918,670.88
494042,683.05
494166,684.5
494289,684.68
494413,685.01
494538,685.07
494662,684.97
494786,685.04
494913,684.95
495037,685.11
495161,696.67
495285,700.78
495410,705.21
495534,699.61
495657,691.1
495781,682.97
495906,684.47
496030,684.68
496154,684.76
496278,684.76
496403,684.92
496529,684.94
496654,684.8
496778,684.81
496902,684.95
497026,685.63
497149,670.02
497274,648.37
497398,644.65
497522,644.6
497646,644.75
497770,644.71
497895,644.63
498019,644.78
498143,644.73
498270,644.89
498394,644.72
498518,644.69
498641,644.59
498766,644.69
498890,644.77
499014,644.58
499138,644.7
499262,644.7
499386,644.84
499511,644.68
499635,644.74
499759,644.43
499886,644.78
500009,644.73
500133,644.7
500258,644.71
500382,644.62
500506,644.41
500630,644.84
500754,644.69
500878,644.86
501003,644.82
501127,644.68
501251,644.48
501374,644.62
501499,644.66
501626,644.66
501750,645.06
501874,644.92
501998,644.61
502123,644.68
502247,644.76
502371,644.77
502495,644.77
502619,644.74
502744,644.68
502867,644.7
502991,644.72
503115,644.77
503242,645.0
503366,644.73
503490,644.84
503615,644.55
503739,644.56
503863,644.83
503987,644.66
504111,644.64
504236,644.68
504359,644.62
504483,644.52
504607,644.52
504731,644.75
504856,644.71
504983,644.81
505107,644.71
505231,644.6
505355,644.81
505479,644.64
505604,644.85
505728,644.56
505851,644.55
505975,644.7
506099,644.69
506224,644.72
506348,644.65
506472,644.72
506599,644.63
506723,644.83
506847,644.66
506971,644.59
507096,644.64
507219,644.43
507343,644.84
507467,644.42
507591,644.54
507716,644.85
507840,644.75
507964,644.7
508088,644.81
508212,644.7
508339,644.83
508463,644.76
508588,644.86
508711,644.69
508835,644.65
508959,644.62
509084,644.81
509208,644.56
509332,644.51
509456,644.68
509580,644.58
509704,644.68
509829,644.53
509956,644.63
510080,644.79
510203,644.59
510327,644.48
510451,644.33
510576,644.57
510700,644.66
510824,644.65
510948,644.65
511073,644.24
511197,644.5
511321,644.77
511444,644.64
511662,644.68
511787,644.76
511910,644.61
512034,644.71
512158,644.63
512282,644.7
512406,644.67
512531,644.6
512655,644.64
512779,644.71
512903,644.63
513027,644.71
513152,644.6
513275,644.57
513402,644.79
513526,644.82
513650,644.59
513774,644.57
513899,644.83
514023,644.61
514147,644.62
514272,644.47
514396,644.63
514520,644.65
514643,644.91
514767,644.57
514892,644.69
515018,644.4
515143,644.73
515267,644.64
515391,644.52
515515,644.87
515639,644.72
515763,644.9
515888,644.6
516012,644.45
516135,644.46
516259,644.6
516383,644.53
516508,644.64
516632,644.43
516759,644.53
516883,644.51
517007,644.7
517131,644.64
517255,644.32
517380,645.02
517504,644.39
517627,644.85
517751,644.78
517875,644.72
517999,644.46
518124,644.51
518248,644.65
518375,644.63
518499,644.71
518623,644.61
518747,644.44
518871,644.5
518995,644.64
519119,644.84
519243,644.78
519367,644.64
519491,644.58
519616,644.77
519740,644.6
519864,644.56
519988,644.48
520115,644.69
520239,644.6
520363,644.67
520487,644.37
520611,644.76
520735,644.87
520859,644.54
520983,644.69
521108,644.41
521232,644.53
521356,644.68
521480,644.48
521604,644.55
521731,644.71
521854,644.71
521979,644.52
522103,644.52
522227,644.75
522351,644.55
522475,644.68
522600,644.72
522724,644.75
522848,644.56
522972,644.58
523096,644.38
523220,644.63
523344,644.81
523471,644.64
523595,644.51
523719,644.67
523843,644.43
523967,644.65
524092,644.7
524216,644.62
524340,644.83
524464,644.55
524588,644.66
524712,644.71
524836,644.42
524960,644.73
525087,644.69
525211,644.59
525336,644.18
525460,644.34
525584,644.58
525708,644.45
525832,644.5
525957,644.47
526081,644.93
526204,645.45
526328,644.7
526452,644.74
526577,644.57
526701,644.27
526828,644.4
526952,644.44
527076,644.52
527200,644.49
527324,644.62
527449,644.53
527572,644.39
527696,644.29
527820,644.61
527945,644.59
528069,644.64
528193,644.65
528317,644.67
528444,644.37
528568,644.73
528692,644.68
528817,644.62
528941,644.73
529064,644.77
529188,644.54
529312,644.68
529437,644.61
529561,644.47
529685,644.32
529809,644.5
529934,644.67
530058,644.41
530185,644.47
530309,644.58
530433,645.57
530556,651.32
530680,652.35
530805,646.15
530929,645.41
531053,662.77
531177,721.29
531301,721.49
531426,721.58
531550,686.25
531674,673.0
531801,694.47
531924,730.68
532048,711.03
532172,647.5
532297,648.25
532421,655.98
532545,658.42
532669,650.0
532793,656.28
532918,666.24
533042,644.28
533166,640.68
533289,636.92
533414,631.78
533541,632.15
533665,633.02
533789,633.99
533913,646.89
534037,639.41
534162,635.72
534286,640.11
534410,642.91
534535,641.85
534659,641.86
534782,641.81
534906,641.77
535030,641.89
535157,641.83
535282,641.65
535406,641.7
535530,641.72
535654,641.87
535778,641.72
535903,641.65
536027,641.88
536151,641.89
536274,641.68
536398,641.79
536523,641.93
536647,641.95
536771,641.68
536899,641.67
537023,641.73
537147,641.81
537271,647.28
537396,697.71
537520,662.85
537644,642.98
537767,660.05
537892,670.43
538016,641.5
538140,641.54
538264,642.11
538388,678.75
538515,701.01
538639,666.5
538763,641.89
538888,642.09
539012,659.67
539136,755.35
539259,745.44
539383,727.22
539508,709.73
539632,690.43
539756,623.09
539880,619.73
540004,622.29
540129,624.73
540256,625.87
540380,626.55
540504,626.36
540627,626.41
540751,626.46
540876,627.14
541000,627.01
541124,626.88
541248,626.95
541372,626.74
541497,626.75
541621,626.98
541745,626.86
541872,626.88
541996,626.66
542119,626.97
542243,626.99
542368,626.93
542492,627.0
542616,627.01
542740,626.78
542864,627.18
542989,626.67
543113,627.07
543237,626.71
543361,626.92
543488,626.89
543611,626.9
543735,627.08
543860,626.98
543984,626.78
544108,626.69
544232,626.76
544356,627.01
544481,626.79
544605,626.87
544729,626.89
544852,626.73
544976,626.85
545101,626.89
545227,626.66
545352,626.93
545476,626.74
545600,626.81
545724,626.81
545848,627.07
545973,627.07
546097,626.84
546221,627.05
546344,626.8
546468,626.87
546592,626.8
546717,626.9
546843,626.84
546968,626.76
547092,627.11
547216,627.03
547340,626.96
547464,626.8
547588,626.92
547713,627.02
547836,626.78
547960,626.7
548084,627.14
548208,627.05
548333,626.92
548457,626.91
548592,627.15
548716,626.91
548840,627.12
548964,626.54
549089,626.79
549213,626.86
549337,626.96
549460,627.02
549585,626.68
549709,626.89
549833,626.92
549958,626.78
550082,627.07
550209,626.89
550333,626.78
550457,626.88
550581,627.09
550706,626.98
550830,626.89
550953,626.99
551077,626.96
551201,626.89
551326,626.87
551450,626.84
551574,626.73
551698,626.77
551823,626.98
551949,627.02
552074,626.89
552198,627.05
552322,626.98
552445,626.96
552569,626.76
552694,626.82
552818,626.79
552942,626.69
553066,627.0
553191,626.9
553315,627.0
553439,627.0
553566,626.95
553690,626.82
553814,626.57
553938,626.88
554062,626.91
554186,626.77
554310,626.85
554434,626.8
554559,626.87
554683,626.97
554807,626.95
554931,626.8
555056,626.83
555180,626.91
555307,626.65
555430,626.78
555554,626.78
555678,626.89
555802,626.98
555927,626.9
556051,626.76
556175,626.66
556300,627.02
556424,627.02
556548,626.82
556672,626.78
556796,626.88
556922,626.52
557047,626.74
557171,626.81
557295,626.94
557419,626.98
557544,626.72
557668,626.77
557792,626.7
557916,626.7
558041,626.74
558164,626.9
558288,626.78
558412,626.71
558536,626.49
558663,626.71
558787,626.52
558912,626.57
559036,626.67
559160,626.81
559284,626.68
559409,626.8
559533,626.69
559656,626.7
559781,626.93
559905,626.94
560029,626.84
560154,626.74
560280,626.74
560405,626.85
560529,626.91
560653,626.76
560777,626.81
560901,626.68
561026,626.68
561149,626.73
561273,626.63
561397,626.54
561522,626.58
561646,626.77
561770,626.86
561894,626.69
562021,626.54
562145,626.66
562269,626.72
562394,626.86
562518,626.77
562641,626.81
562765,626.86
562889,626.8
563014,626.81
563138,627.02
563262,626.95
563386,626.78
563511,626.74
563637,626.75
563762,626.75
563886,626.88
564009,626.85
564133,626.69
564257,626.79
564382,626.77
564506,626.75
564630,626.91
564754,626.59
564879,626.85
565003,626.55
565127,626.7
565251,626.59
565378,626.96
565501,626.61
565626,626.85
565750,626.59
565874,626.84
565998,626.69
566122,626.72
566247,626.55
566371,626.41
566495,626.89
566619,626.83
566743,626.68
566867,626.68
566994,626.8
567118,626.62
567242,626.55
567366,626.88
567490,626.94
567615,626.77
567739,626.4
567863,626.66
567987,626.86
568112,626.72
568236,626.73
568359,626.69
568483,626.72
568607,626.82
568734,626.82
568858,626.72
568983,626.77
569107,626.65
569231,626.64
569355,626.64
569480,626.6
569604,626.69
569728,626.77
569851,626.59
569975,626.55
570100,626.64
570224,626.75
570351,626.7
570475,626.74
570599,626.67
570724,626.57
570848,626.88
570972,626.82
571096,626.74
571220,626.61
571344,626.59
571468,626.85
571592,626.82
571717,626.6
571841,626.63
571965,626.58
572092,626.65
572216,626.79
572340,626.98
572465,626.73
572589,626.56
572712,626.68
572836,626.71
572960,626.59
573085,626.5
573209,626.65
573333,626.71
573457,626.67
573582,626.65
573708,626.72
573833,626.53
573957,626.68
574081,626.69
574204,626.82
574329,626.56
574453,626.48
574577,626.86
574701,626.67
574826,626.73
574950,626.58
575074,626.77
575198,626.83
575325,626.74
575449,626.63
575574,626.6
575697,626.69
575821,626.45
575945,626.9
576069,626.78
576194,626.85
576318,626.78
576442,626.77
576566,626.87
576691,626.75
576815,626.58
576939,626.85
577065,626.5
577189,626.69
577313,626.53
577438,626.71
577562,626.63
577686,626.66
577810,626.61
577934,626.59
578059,626.65
578183,626.56
578307,626.85
578430,626.83
578555,626.95
578681,626.94
578806,626.6
578930,626.79
579054,626.73
579179,626.78
579303,626.63
579427,626.67
579551,626.48
579676,626.86
579800,626.76
579923,626.77
580047,626.52
580172,626.68
580296,626.56
580423,626.8
580547,626.54
580672,626.98
580796,626.75
580920,626.5
581044,627.14
581169,626.69
581293,626.56
581416,626.63
581540,626.39
581665,626.44
581789,626.52
581913,626.64
582040,626.84
582165,626.87
582289,626.69
582413,626.89
582538,626.61
582662,626.69
582786,626.71
582910,626.49
583034,626.81
583158,625.85
583283,626.73
583407,626.8
583531,626.74
583655,626.92
583782,626.3
583906,626.45
584031,626.86
584155,626.57
584279,626.56
584402,626.81
584527,626.57
584651,626.59
584775,626.67
584899,626.72
585024,626.78
585148,626.42
585272,626.36
585399,626.75
585523,626.63
585647,626.7
585772,626.8
585895,626.5
586019,626.53
586143,626.54
586267,626.65
586392,626.69
586516,626.55
586640,626.79
586764,626.75
586889,626.55
587013,626.55
587140,626.51
587264,626.59
587387,626.75
587511,626.57
587636,626.44
587760,626.67
587884,626.65
588008,626.82
588132,626.57
588257,626.63
588381,626.64
588505,626.61
588628,626.91
588755,626.72
588879,626.56
589004,626.68
589128,626.73
589252,626.64
589376,626.64
589501,626.33
589625,626.54
589749,626.58
589873,626.69
589998,626.82
590121,626.56
590245,626.5
590369,626.55
590496,626.9
590620,626.77
590745,626.88
590869,626.63
590993,626.6
591117,626.72
591241,626.68
591366,626.54
591490,626.58
591613,626.52
591737,626.8
591862,626.7
591986,626.54
592113,626.45
592237,626.57
592361,626.72
592485,626.6
592610,626.76
592734,626.72
592858,626.45
592982,626.58
593105,626.58
593230,626.65
593354,626.5
593478,626.54
593602,626.78
593727,626.74
593854,626.81
593978,626.78
594102,626.87
594226,626.76
594351,626.6
594475,626.6
594598,626.68
594722,626.72
594847,626.76
594971,626.57
595095,626.44
595219,626.46
595343,626.53
595470,626.36
595595,626.39
595719,626.64
595843,626.6
595966,626.64
596090,626.73
596215,626.67
596339,626.85
596463,626.69
596587,626.64
596712,626.85
596836,626.61
596960,626.71
597084,626.67
597211,626.67
597335,626.83
597459,626.7
597583,626.68
597707,626.74
597831,626.7
597956,626.72
598080,626.39
598204,626.48
598328,626.54
598453,626.35
598577,626.73
598701,626.49
598828,626.52
598951,626.82
599075,626.82
599200,626.52
599324,626.25
599448,626.47
599572,626.6
599696,626.67
599821,626.5
599945,626.49
600069,626.52
600193,626.59
600317,626.66
600441,626.66
600568,626.7
600692,626.65
600816,626.41
600940,626.59
601064,626.57
601189,626.73
601313,626.74
601437,626.64
601561,626.32
601684,626.33
601809,626.58
601933,626.59
602057,626.77
602184,626.61
602308,626.4
602432,626.82
602557,626.7
602681,626.44
602805,626.54
602930,626.69
603054,626.65
603177,626.39
603302,626.5
603426,626.5
603550,626.5
603675,626.56
603801,626.52
603926,626.7
604050,626.5
604174,626.48
604298,626.58
604423,626.59
604547,626.46
604670,626.24
604794,626.52
604919,626.55
605043,626.5
605167,626.39
605291,626.72
605416,626.61
605543,626.64
605667,626.5
605791,626.52
605916,626.25
606040,626.61
606163,626.4
606287,626.43
606412,626.64
606536,626.68
606660,626.67
606784,626.71
606909,626.64
607033,626.74
607160,626.64
607284,626.63
607408,626.46
607532,626.48
607655,626.82
607780,626.5
607904,626.55
608028,626.55
608152,626.46
608276,626.79
608401,626.58
608525,626.68
608649,626.66
608773,626.73
608900,626.67
609024,626.82
609148,626.66
609272,626.86
609396,626.49
609520,626.46
609644,626.49
609769,626.73
609893,626.59
610017,626.5
610141,626.47
610266,626.45
610390,626.57
610516,626.62
610640,626.52
610764,626.46
610888,626.56
611012,626.5
611137,626.56
611261,626.62
611385,626.5
611509,626.37
611634,626.55
611758,626.47
611881,626.47
612005,626.09
612129,626.67
612256,626.48
612380,626.45
612505,626.39
612629,626.54
612753,626.64
612877,626.56
613002,626.52
613126,626.54
613250,626.27
613373,626.32
613497,626.5
613622,626.66
613746,626.38
613873,626.47
613997,626.73
614121,626.64
614245,626.55
614370,626.51
614494,626.56
614618,626.66
614742,626.47
614866,626.32
614990,626.59
615114,626.51
615238,626.62
615362,626.49
615487,626.46
615614,626.56
615738,626.56
615862,626.41
615986,626.65
616110,626.7
616235,626.46
616358,626.33
616482,626.29
616606,626.48
616731,626.52
616855,626.5
616979,626.52
617104,626.53
617230,626.56
617355,626.54
617479,626.39
617603,626.45
617726,626.4
617851,626.41
617975,626.35
618099,626.5
618223,626.56
618347,626.57
618472,626.53
618596,626.48
618720,626.49
618844,626.43
618971,626.42
619095,626.36
619219,626.44
619343,626.45
619467,626.47
619591,626.22
619716,626.31
619840,626.44
619964,626.55
620088,626.53
620213,626.43
620337,626.38
620461,626.45
620588,626.53
620711,626.26
620835,626.41
620959,626.39
621084,626.53
621208,626.34
621332,626.33
621456,626.36
621581,626.21
621705,626.18
621829,626.38
621953,626.33
622077,626.41
622201,626.31
622328,626.39
622452,626.23
622576,626.5
622700,626.36
622824,626.32
622949,626.48
623073,626.38
623197,626.22
623321,626.3
623446,626.41
623569,626.46
623693,626.29
623817,626.6
623944,626.61
624068,626.46
624193,626.64
624317,626.37
624441,626.58
624565,626.65
624689,626.3
624814,626.46
624937,626.52
625061,626.56
625185,626.22
625310,626.59
625434,626.38
625558,626.42
625685,626.35
625809,626.34
625934,626.54
626058,626.47
626182,626.36
626306,626.22
626430,626.24
626554,626.36
626678,626.43
626803,626.46
626927,626.41
627051,626.54
627175,626.53
627302,626.4
627426,626.59
627551,626.32
627675,626.43
627799,626.41
627922,626.27
628047,626.61
628171,626.33
628295,626.38
628420,659.98
628544,683.98
628668,642.09
628793,629.69
628917,655.66
629044,700.48
629168,715.23
629292,691.77
629416,650.8
629540,629.96
629664,657.89
629788,724.27
629912,733.19
630037,679.32
630161,697.93
630285,763.2
630409,745.26
630534,665.08
630660,628.24
630785,614.42
630908,605.63
631032,611.47
631156,616.4
631280,616.99
631405,616.96
631529,617.11
631653,616.91
631777,617.37
631901,616.75
632026,616.83
632150,616.96
632273,617.18
632400,617.09
632524,616.73
632648,616.88
632773,617.07
632897,616.99
633021,616.85
633145,616.88
633270,616.82
633394,616.89
633518,617.05
633641,616.62
633765,616.81
633890,616.91
634016,616.83
634141,616.87
634265,616.97
634389,617.08
634513,617.13
634637,617.01
634762,616.77
634886,616.77
635010,616.77
635133,617.05
635258,617.03
635382,616.94
635506,616.95
635633,616.9
635757,616.84
635881,617.0
636005,616.71
636130,616.85
636254,616.92
636378,617.15
636502,617.0
636625,616.79
636750,616.9
636874,616.98
636998,617.0
637122,616.83
637247,616.91
637373,617.55
637498,654.9
637622,665.66
637746,651.94
637870,624.85
637993,617.03
638118,617.08
638242,622.02
638366,639.48
638490,620.73
638614,616.72
638739,616.37
638863,616.81
638990,618.34
639114,668.03
639238,673.4
639362,676.31
639486,620.59
639610,616.76
639734,616.98
639859,616.91
639983,617.03
640107,616.96
640231,630.71
640355,631.17
640480,629.27
640604,618.09
640731,627.87
640855,631.69
640978,630.49
641102,661.01
641227,738.46
641351,746.92
641475,770.26
641599,789.47
641724,728.53
641848,685.98
641972,704.2
642096,716.72
642220,659.87
642347,628.03
642470,609.05
642595,608.47
642719,610.14
642843,610.27
642967,611.12
643092,612.58
643216,611.86
643340,612.36
643464,612.12
643588,612.15
643713,611.77
643836,612.02
643960,612.12
644087,612.22
644211,612.19
644335,612.09
644460,612.23
644584,615.42
644708,679.34
644832,677.28
644957,628.08
645081,632.67
645204,618.08
645328,644.23
645452,654.27
645577,620.96
645704,612.59
645828,623.31
645952,635.22
646076,612.51
646200,611.78
646325,611.88
646449,644.92
646573,700.74
646696,716.41
646821,811.71
646945,797.79
647069,746.6
647193,767.44
647317,793.92
647444,776.82
647569,751.36
647693,719.87
647817,711.72
647941,685.97
648066,646.47
648189,627.61
648313,640.32
648437,619.7
648562,619.18
648686,616.99
648810,602.04
648934,602.82
649061,603.62
649185,604.97
649310,605.68
649542,606.49
649666,606.5
649790,606.38
649914,606.48
650038,606.29
650163,606.33
650287,606.33
650411,606.41
650534,606.46
650659,606.42
650783,606.6
650910,606.33
651034,606.33
651158,606.27
651282,606.48
651407,606.5
651531,606.41
651655,606.57
651780,606.54
651904,606.41
652027,606.39
652151,606.42
652276,606.4
652400,606.4
652527,606.58
652651,606.24
652775,606.4
652899,606.35
653024,606.37
653148,606.56
653272,606.69
653395,606.58
653519,606.49
653644,606.42
653768,606.53
653892,606.55
654016,606.67
654141,606.46
654267,606.57
654392,606.45
654516,606.3
654640,606.32
654764,606.57
654887,606.45
655011,606.48
655136,606.38
655260,606.35
655384,606.44
655508,606.69
655632,606.4
655756,606.59
655891,606.46
656016,606.3
656140,606.3
656264,606.37
656388,606.4
656513,606.43
656636,606.43
656760,606.31
656885,606.43
657009,606.38
657133,606.36
657257,606.33
657382,606.5
657506,606.22
657633,606.39
657757,606.36
657881,606.5
658004,606.3
658129,606.27
658253,606.52
658377,606.58
658501,606.47
658626,606.63
658750,606.46
658874,606.2
658998,606.29
659123,606.34
659249,606.38
659374,606.37
659497,606.31
659621,606.45
659745,606.64
659870,606.54
659994,606.57
660118,606.37
660242,606.27
660367,606.32
660491,606.22
660615,606.35
660739,606.41
660862,606.37
660989,606.34
661114,606.36
661238,606.14
661362,606.43
661486,606.45
661611,606.26
661735,606.4
661859,606.32
661983,606.31
662108,606.59
662232,606.45
662355,606.4
662479,606.52
662606,606.41
662731,606.55
662855,607.29
662979,606.89
663103,608.59
663228,650.23
663352,706.91
663476,707.1
663600,666.57
663725,608.41
663848,606.16
663972,606.17
664096,606.46
664221,606.38
664347,630.44
664472,673.71
664596,731.03
664720,772.29
664844,765.03
664969,757.6
665093,648.33
665217,640.64
665340,667.14
665465,686.28
665589,708.02
665713,643.82
665837,623.77
665964,617.42
666088,661.83
666213,626.26
666337,603.95
666461,602.04
666585,601.52
666710,602.5
666833,602.18
666957,602.02
667081,602.15
667206,602.0
667330,602.24
667454,602.32
667581,602.14
667705,602.27
667830,601.9
667954,602.23
668078,602.14
668201,602.05
668325,602.01
668450,601.95
668574,601.91
668698,601.96
668822,602.01
668947,602.02
669071,601.87
669195,602.03
669322,602.06
669446,602.0
669571,602.28
669694,602.35
669818,602.02
669942,601.99
670066,602.07
670191,602.11
670315,602.14
670439,602.24
670563,601.85
670688,602.0
670812,602.05
670939,602.09
671063,602.11
671186,602.24
671311,602.34
671435,602.12
671559,602.26
671684,602.39
671808,602.29
671932,602.33
672056,602.38
672181,602.35
672305,602.34
672492,602.16
672616,602.09
672743,602.2
672867,602.33
672991,602.49
673116,602.13
673240,602.41
673363,602.34
673487,602.28
673612,602.42
673736,602.18
673860,602.24
673985,602.59
674109,602.54
674233,602.26
674360,602.54
674485,602.37
674609,602.17
674733,602.13
674857,602.38
674981,602.17
675105,602.15
675230,601.92
675354,602.27
675478,602.26
675602,602.45
675727,602.19
675851,602.27
675975,602.22
676102,602.07
676226,602.24
676349,602.27
676474,602.25
676598,602.38
676722,602.07
676846,602.34
676971,602.42
677095,602.28
677219,602.0
677343,602.16
677468,602.36
677592,602.05
677719,602.05
677842,602.03
677966,602.32
678090,602.2
678215,602.24
678339,602.1
678463,602.06
678587,602.0
678712,602.17
678836,602.2
678960,602.45
679084,602.16
679207,602.2
679332,602.15
679459,602.01
679583,602.35
679707,602.37
679831,602.55
679956,602.16
680080,601.87
680204,602.18
680328,601.95
680452,602.02
680577,602.23
680700,602.08
680824,602.07
680948,602.05
681075,602.16
681200,602.15
681324,602.05
681448,602.16
681572,602.04
681697,602.17
681821,602.36
681945,602.09
682068,602.16
682193,601.78
682317,602.47
682441,602.47
682565,602.18
682689,601.98
682816,601.97
682941,602.24
683065,602.0
683189,602.72
683313,602.0
683438,602.44
683561,602.14
683685,602.42
683809,602.24
683933,601.98
684058,602.04
684182,602.46
684306,602.12
684433,602.08
684557,602.05
684682,602.55
684806,601.81
684930,602.06
685053,602.31
685177,602.2
685302,602.41
685426,602.17
685550,602.26
685675,602.14
685799,602.21
685923,601.92
686048,601.97
686174,602.11
686299,602.21
686423,602.27
686546,602.19
686670,602.2
686795,602.26
686919,602.18
687043,602.14
687167,602.32
687292,602.45
687416,602.28
687540,602.4
687664,602.01
687791,602.48
687916,601.88
688039,602.6
688163,601.99
688287,602.27
688412,602.02
688536,602.27
688660,602.32
688784,602.36
688909,602.26
689033,602.04
689157,602.41
689281,602.23
689405,602.16
689531,602.31
689656,602.32
689780,602.19
689904,602.25
690028,602.51
690153,602.2
690277,602.16
690401,602.25
690525,602.19
690650,602.1
690774,602.18
690897,602.13
691021,602.09
691148,602.05
691273,602.14
691397,602.58
691521,602.04
691645,602.18
691770,602.43
691894,601.87
692018,602.14
692142,602.16
692267,602.14
692390,602.3
692514,602.36
692638,602.19
692763,602.13
692890,602.14
693014,602.23
693138,602.12
693262,602.2
693387,602.32
693511,602.13
693635,601.91
693758,602.0
693883,601.86
694007,602.0
694131,602.21
694256,602.08
694380,602.2
694507,602.05
694631,601.97
694755,602.35
694880,602.19
695004,601.98
695128,602.14
695251,601.88
695376,602.74
695500,602.25
695624,602.16
695749,602.04
695873,602.31
695997,602.28
696121,602.3
696243,602.32
696368,602.18
696492,602.13
696615,602.14
696739,602.34
696864,602.29
696988,602.37
697113,602.04
697237,602.25
697361,601.75
697485,602.01
697610,602.33
697734,602.24
697861,601.95
697986,601.99
698109,602.01
698233,602.19
698357,602.22
698482,602.04
698606,602.09
698730,602.08
698854,602.15
698979,602.19
699103,602.23
699227,602.07
699351,602.23
699478,602.24
699601,602.31
699726,601.88
699850,602.23
699974,602.17
700098,602.31
700223,602.29
700347,602.09
700471,602.44
700595,602.27
700720,602.42
700844,602.06
700967,602.13
701091,601.96
701218,602.32
701342,605.45
701467,652.85
701591,654.71
701715,620.5
701839,601.92
701964,603.49
702088,637.74
702212,645.72
702336,624.77
702460,604.06
702584,602.38
702708,615.78
702835,719.08
702959,658.07
703083,611.94
703208,604.83
703332,623.81
703456,647.69
703580,633.25
703704,634.17
703828,605.68
703952,604.18
704076,621.87
704200,623.2
704325,652.41
704449,705.05
704576,703.91
704700,743.41
704824,784.02
704949,743.75
705073,732.86
705197,708.2
705320,687.31
705445,667.77
705569,654.64
705693,647.09
705817,635.69
705941,621.26
706066,604.49
706193,597.88
706317,598.17
706441,598.05
706565,598.18
706690,597.99
706813,598.21
706937,597.91
707061,597.7
707186,597.96
707310,597.99
707434,597.93
707558,597.93
707682,598.06
707807,598.24
707933,597.97
708058,598.02
708182,598.27
708305,635.81
708429,633.86
708554,644.23
708678,612.57
708802,609.61
708926,620.27
709051,619.13
709175,637.26
709299,638.66
709423,604.57
709550,598.07
709673,608.83
709798,623.97
709922,615.54
710046,598.84
710171,609.73
710295,624.51
710419,598.9
710543,614.75
710668,625.12
710792,600.57
710916,619.48
711040,633.05
711164,632.36
711291,659.64
711415,700.78
711539,690.0
711663,700.56
711788,685.2
711912,676.15
712036,666.85
712160,635.36
712285,619.53
712409,623.93
712532,665.05
712656,651.89
712780,633.32
712907,633.53
713032,638.56
713156,610.72
713280,613.92
713404,611.03
713529,610.83
713653,623.97
713777,645.83
713901,629.98
714024,603.46
714149,598.27
714273,595.06
714397,595.77
714521,596.13
714648,596.09
714773,595.84
714897,596.19
715021,595.8
715145,595.81
715270,595.99
715394,596.0
715517,595.7
715641,595.79
715766,595.6
715890,595.89
716014,596.09
716138,595.78
716265,595.8
716389,595.62
716514,595.95
716638,596.0
716762,596.07
716886,596.03
717010,596.04
717134,595.68
717258,595.43
717383,595.92
717507,595.78
717631,596.05
717755,595.96
717880,595.82
718007,595.81
718131,595.95
718255,596.13
718380,595.77
718503,595.76
718627,596.05
718751,595.78
718876,596.0
719000,595.91
719124,595.82
719248,595.98
719373,595.73
719497,595.95
719624,595.97
719748,595.86
719872,595.94
719996,595.79
720120,595.93
720244,595.82
720369,595.87
720493,595.99
720617,595.78
720742,595.75
720866,595.96
720991,595.87
721115,595.87
721239,595.93
721366,596.0
721489,596.05
721613,595.89
721738,596.14
721862,595.91
721986,596.05
722110,595.84
722235,595.9
722359,596.05
722483,596.01
722607,595.81
722732,596.09
722855,595.69
722982,595.78
723106,595.81
723230,595.89
723354,595.79
723479,595.95
723603,596.18
723727,595.78
723851,595.79
723976,595.74
724100,596.27
724224,596.25
724347,596.11
724472,595.74
724596,595.86
724723,596.11
724847,595.8
724971,596.18
725096,595.91
725220,595.85
725344,595.82
725468,595.93
725592,596.13
725716,595.77
725840,596.14
725964,595.77
726088,596.23
726213,596.05
726340,595.67
726464,596.12
726588,595.95
726712,595.67
726837,596.07
726961,596.0
727085,596.23
727208,595.91
727332,596.02
727457,595.59
727581,596.19
727705,596.06
727829,595.74
727954,595.73
728076,595.75
728200,596.1
728324,596.04
728448,595.75
728572,596.05
728696,595.89
728820,596.04
728944,595.63
729069,595.56
729193,596.08
729317,595.74
729441,595.83
729566,595.74
729692,595.68
729817,595.75
729940,595.59
730064,595.75
730188,595.86
730313,596.05
730437,595.96
730561,595.87
730685,595.87
730810,595.82
730934,595.95
731058,595.81
731182,595.62
731309,596.03
731433,595.86
731557,595.97
731681,595.98
731806,595.65
731930,596.03
732054,595.94
732178,595.91
732303,595.8
732427,595.65
732551,596.0
732675,595.74
732800,595.86
732923,596.43
733050,595.79
733174,595.55
733298,596.1
733423,595.76
733547,596.14
733671,595.59
733795,596.3
733920,595.77
734044,595.6
734168,596.1
734291,595.56
734416,595.89
734540,595.95
734667,595.93
734791,595.47
734915,595.7
735039,595.73
735164,595.89
735288,595.5
735412,595.75
735536,595.58
735661,595.76
735784,595.42
735908,595.85
736033,595.78
736157,595.83
736281,595.59
736408,595.75
736532,595.96
736656,596.1
736781,596.02
736905,595.75
737029,595.78
737153,595.85
737277,595.83
737401,595.54
737525,595.66
737649,595.89
737774,595.45
737898,595.95
738025,595.55
738149,596.05
738273,595.54
738398,595.71
738522,595.59
738646,595.69
738769,595.72
738893,595.95
739018,595.39
739142,595.97
739266,595.52
739390,595.77
739515,595.73
739639,595.86
739766,595.68
739890,596.09
740014,595.68
740139,595.69
740262,595.94
740386,595.76
740511,595.99
740635,595.81
740759,596.02
740883,595.6
741008,595.41
741132,596.01
741256,595.61
741383,595.92
741508,595.79
741632,596.01
741755,595.79
741879,596.04
742004,595.69
742128,596.11
742252,595.62
742376,595.35
742501,596.03
742625,596.01
742749,595.75
742873,595.71
742998,595.85
743124,595.72
743248,595.77
743372,595.8
743497,595.9
743621,596.07
743745,595.77
743870,595.85
743994,595.63
744118,595.42
744243,595.88
744367,595.86
744491,595.73
744614,595.86
744741,595.95
744866,595.85
744990,595.81
745114,595.75
745238,595.8
745362,595.78
745487,595.53
745611,596.1
745735,596.05
745859,595.98
745984,595.74
746107,596.09
746231,595.5
746355,595.93
746482,595.78
746607,595.91
746731,595.65
746855,595.41
746979,596.05
747103,595.89
747228,596.05
747352,595.9
747475,595.49
747599,595.75
747724,595.72
747848,595.98
747972,595.99
748099,595.69
748223,595.82
748348,595.82
748472,595.69
748596,595.73
748720,595.62
748845,595.58
748968,595.56
749092,595.58
749216,595.92
749341,595.79
749465,595.68
749589,595.71
749713,595.44
749840,595.56
749964,595.75
750089,595.57
750213,595.52
750337,595.47
750460,595.55
750585,595.87
750709,595.87
750833,595.76
750957,595.46
751082,595.49
751206,595.81
751330,595.72
751457,595.93
751581,595.89
751705,596.05
751830,595.78
751953,595.73
752077,595.64
752201,595.47
752326,595.75
752450,595.69
752574,595.83
752698,595.74
752823,595.79
752947,595.79
753071,595.65
753198,595.93
753321,595.7
753445,595.93
753570,595.61
753694,595.87
753818,595.87
753942,595.98
754067,595.54
754191,595.71
754315,595.51
754439,595.57
754564,595.82
754688,595.47
754814,595.88
754939,596.06
755063,595.67
755187,595.72
755311,595.62
755436,596.11
755560,595.84
755684,595.91
755808,595.85
755933,595.81
756057,595.77
756180,595.6
756304,595.8
756428,595.72
756555,595.6
756680,595.55
756804,595.58
756928,595.66
757052,595.8
757177,595.81
757301,595.95
757425,595.55
757549,595.42
757673,595.68
757797,595.46
757921,595.46
758045,595.68
758172,595.81
758297,595.67
758421,595.63
758545,595.86
758669,595.72
758793,595.68
758918,595.73
759042,595.45
759165,595.97
759289,595.52
759414,595.83
759538,595.6
759662,596.01
759786,595.83
759909,595.7
760033,595.86
760157,595.55
760281,595.48
760406,595.65
760529,595.74
760653,595.73
760777,595.84
760901,595.72
761026,595.68
761150,595.55
761274,595.61
761398,596.06
761525,596.09
761649,595.92
761774,595.61
761897,595.44
762021,595.75
762145,595.69
762270,595.97
762394,595.64
762518,595.82
762642,595.65
762766,595.78
762891,595.94
763015,595.88
763150,595.98
763274,595.53
763398,595.76
763523,595.66
763646,595.8
763771,595.6
763895,595.77
764019,595.67
764144,595.56
764268,595.51
764392,595.77
764517,595.29
764641,595.51
764766,595.64
764893,595.76
765017,595.77
765140,595.55
765264,595.72
765389,595.65
765513,595.71
765637,595.93
765761,595.59
765886,595.72
766010,595.51
766134,595.79
766259,595.66
766383,595.95
766510,595.83
766633,595.97
766758,595.43
766882,595.86
767007,595.84
767131,595.63
767255,595.6
767380,595.64
767504,595.75
767628,595.59
767752,595.38
767877,595.8
768001,595.64
768124,595.64
768251,596.01
768375,595.72
768500,595.7
768624,595.3
768748,595.85
768872,595.83
768997,595.36
769121,595.81
769245,595.71
769370,596.01
769494,595.49
769617,595.63
769741,595.87
769868,595.7
769992,595.49
770117,595.72
770241,595.63
770365,595.75
770490,595.5
770614,595.68
770738,596.23
770862,595.39
770987,596.16
771110,595.75
771234,595.56
771358,595.75
771483,595.72
771610,595.68
771734,595.62
771858,595.68
771982,595.53
772107,595.76
772231,595.85
772355,595.68
772480,595.64
772603,595.62
772727,595.75
772851,595.85
772976,595.77
773100,595.66
773227,595.5
773351,595.63
773475,595.56
773600,595.61
773724,595.33
773848,595.38
773971,595.57
774096,595.62
774220,595.68
774344,595.67
774469,595.75
774593,595.81
774717,595.45
774841,595.62
774968,595.65
775093,595.65
775217,595.72
775341,595.65
775464,596.18
775589,595.97
775713,595.79
775837,595.87
775961,595.42
776086,595.9
776210,595.71
776334,595.68
776458,595.61
776585,595.69
776710,595.64
776834,595.62
776957,595.71
777081,595.72
777206,595.4
777330,595.4
777454,595.4
777579,595.64
777703,595.73
777828,595.75
777952,595.4
778076,595.65
778200,595.59
778327,595.48
778450,595.52
778575,595.84
778699,595.64
778823,595.52
778948,595.49
779072,595.47
779196,595.65
779320,595.86
779445,595.64
779569,595.41
779693,595.36
779817,595.83
779943,595.86
780068,595.96
780192,595.54
780316,595.81
780441,595.72
780565,595.58
780689,595.83
780813,595.57
780938,595.32
781062,595.67
781186,595.76
781310,595.8
