"Millis","P1","P2"
1,716,685
87,716,685
185,716,684
284,716,684
381,716,683
479,716,683
576,716,683
675,716,683
772,716,683
870,716,685
969,716,686
1068,716,685
1169,716,685
1271,716,684
1372,716,684
1472,716,684
1574,716,683
1675,716,683
1776,716,683
1878,717,686
1978,716,690
2080,717,689
2181,716,689
2282,716,689
2384,717,689
2484,717,688
2585,717,688
2687,716,688
2788,716,688
2890,716,687
2990,716,687
3091,716,687
3193,717,687
3294,717,687
3395,716,687
3497,716,687
3597,716,686
3699,717,686
3800,719,686
3901,715,686
4003,715,687
4103,717,686
4204,717,687
4306,717,693
4407,717,703
4509,717,697
4609,716,687
4710,716,685
4812,716,687
4913,717,687
5014,717,687
5115,717,686
5216,717,686
5317,717,686
5419,717,686
5520,717,686
5622,717,686
5722,717,685
5823,717,685
5925,717,685
6026,717,685
6127,717,685
6228,717,685
6329,717,685
6431,717,685
6532,717,685
6633,717,685
6734,717,685
6835,717,684
6936,717,684
7038,717,684
7139,717,684
7240,717,684
7341,717,685
7442,717,701
7544,717,720
7645,717,717
7745,717,691
7847,717,669
7948,717,679
8050,717,682
8151,717,682
8251,717,682
8353,717,682
8454,717,682
8555,717,682
8657,717,682
8758,717,682
8858,717,682
8960,717,682
9061,717,682
9163,717,682
9264,717,682
9364,717,682
9466,717,682
9567,717,682
9668,717,681
9770,717,681
9870,717,681
9972,717,681
10073,717,681
10174,717,681
10276,717,681
10376,717,681
10477,717,681
10579,717,685
10680,717,698
10782,717,692
10882,717,682
10983,717,682
11085,717,682
11186,717,698
11287,717,724
11388,717,704
11489,717,678
11591,717,679
11692,717,679
11793,717,679
11894,717,679
11995,717,679
12096,717,679
12198,717,679
12299,717,679
12399,717,679
12501,717,679
12602,717,679
12704,717,679
12805,717,679
12905,717,678
13007,717,678
13108,717,678
13209,717,678
13311,717,678
13411,717,678
13513,717,678
13614,717,678
13715,717,678
13817,717,678
13917,717,678
14018,717,678
14120,717,678
14221,717,678
14323,717,678
14423,717,678
14524,717,678
14626,717,678
14727,717,678
14828,717,678
14929,717,679
15030,717,694
15132,717,708
15233,717,718
15334,717,702
15435,717,670
15536,717,657
15637,717,672
15739,717,676
15840,717,676
15940,717,676
16042,717,676
16143,717,676
16245,717,676
16346,717,676
16446,717,676
16548,717,676
16649,717,676
16750,717,676
16852,717,676
16952,717,676
17054,717,676
17155,717,676
17256,717,676
17358,717,676
17458,717,676
17559,717,676
17661,717,675
17762,717,675
17864,717,675
17964,717,675
18065,717,675
18167,717,675
18268,717,675
18369,717,675
18470,717,675
18571,717,675
18672,717,675
18774,717,676
18875,717,704
18976,717,703
19077,717,692
19178,717,679
19280,717,674
19381,717,675
19481,717,674
19583,717,674
19684,717,675
19786,717,675
19887,717,674
19987,717,674
20089,717,674
20190,717,674
20291,717,674
20393,717,674
20493,717,674
20595,717,674
20696,717,674
20797,717,674
20899,717,674
20999,717,674
21100,717,674
21202,717,674
21303,717,674
21405,717,674
21505,717,674
21606,717,674
21708,717,674
21809,717,674
21909,717,674
22011,717,674
22112,717,674
22213,717,674
22315,717,674
22415,717,674
22517,717,674
22618,717,674
22719,717,674
22821,717,677
22921,717,695
23022,717,702
23124,717,694
23225,717,683
23327,717,686
23427,717,702
23528,717,694
23630,717,675
23731,717,672
23832,717,672
23933,717,672
24034,717,672
24136,717,673
24237,717,673
24338,717,673
24439,717,673
24540,717,673
24641,717,673
24743,717,1802
24938,717,672
25037,717,672
25134,717,672
25232,717,672
25330,717,672
25428,722,672
25525,721,672
25623,717,672
25721,717,672
25819,717,672
25916,717,672
26015,717,672
26112,717,672
26210,717,672
26308,717,672
26406,717,672
26504,717,672
26601,717,672
26700,717,672
26797,717,672
26895,717,672
26992,717,674
27091,717,682
27188,717,683
27286,717,677
27384,717,674
27482,717,674
27580,717,673
27678,717,673
27779,717,673
27880,717,673
27981,717,673
28082,717,673
28183,717,673
28285,717,673
28386,717,673
28488,717,673
28588,717,673
28689,717,673
28791,717,673
28892,717,673
28993,717,673
29095,717,673
29195,717,673
29296,717,673
29398,717,673
29499,717,673
29601,717,673
29702,717,673
29802,717,673
29904,717,673
30005,717,673
30106,717,673
30208,717,672
30309,717,673
30410,717,672
30511,717,672
30612,717,672
30714,717,672
30815,717,672
30916,717,672
31017,717,672
31118,717,673
31220,717,686
31321,717,723
31422,717,750
31524,717,748
31624,717,741
31725,717,724
31827,717,692
31928,717,671
32030,717,669
32131,717,669
32231,717,669
32333,717,669
32434,717,669
32535,717,669
32637,717,669
32738,717,669
32839,717,669
32940,717,669
33041,717,669
33143,717,669
33244,717,669
33344,717,669
33446,717,669
33547,717,669
33648,717,669
33750,717,669
33851,717,669
33952,717,669
34053,717,669
34154,717,669
34256,717,669
34357,717,669
34458,717,669
34559,717,669
34660,717,669
34762,717,669
34863,717,669
34964,717,669
35066,717,669
35166,717,670
35267,717,682
35369,717,678
35470,717,674
35572,717,654
35673,717,638
35773,717,653
35875,717,663
35976,717,664
36077,717,664
36179,717,664
36280,717,664
36381,717,664
36482,717,664
36583,717,664
36685,717,664
36786,717,664
36886,717,663
36988,717,663
37089,717,664
37191,717,664
37292,717,663
37393,717,663
37494,717,663
37595,717,663
37696,717,663
37798,717,663
37899,717,663
38000,717,663
38101,717,663
38202,717,663
38304,717,663
38405,717,663
38506,717,663
38608,717,663
38708,717,663
38809,717,663
38911,717,666
39012,717,681
39114,717,676
39215,717,655
39315,717,644
39417,717,659
39518,717,659
39619,717,659
39721,717,659
39822,717,659
39923,717,659
40024,717,659
40125,717,659
40227,717,659
40328,717,659
40428,717,659
40530,717,659
40631,717,659
40733,717,659
40834,717,659
40935,717,659
41036,717,659
41137,717,659
41238,717,659
41340,717,659
41441,717,659
41543,717,659
41643,717,659
41744,717,659
41846,717,659
41947,717,659
42048,717,659
42150,717,659
42250,717,659
42351,717,660
42453,717,673
42554,717,702
42656,717,726
42756,717,709
42857,717,665
42959,717,658
43060,717,659
43161,717,659
43263,717,659
43363,717,659
43465,717,659
43566,717,659
43667,717,659
43769,717,659
43870,717,659
43970,717,659
44072,717,659
44173,717,659
44275,717,659
44376,717,659
44477,717,659
44578,717,659
44679,717,659
44780,717,659
44882,717,659
44983,717,659
45085,717,659
45185,717,659
45286,717,659
45388,717,659
45489,717,659
45590,717,658
45692,717,658
45792,717,658
45893,717,658
45995,717,658
46096,717,658
46198,717,663
46298,717,676
46399,717,672
46501,717,663
46602,717,653
46703,717,654
46805,717,657
46905,717,657
47007,717,657
47108,717,657
47209,717,657
47311,717,657
47412,717,657
47512,717,657
47614,717,657
47715,717,657
47817,717,657
47918,717,657
48019,717,657
48120,717,657
48221,717,657
48322,717,657
48424,717,657
48525,717,657
48627,717,657
48727,717,657
48828,717,657
48930,717,657
49031,717,657
49132,717,657
49233,717,657
49334,717,657
49436,717,657
49537,717,656
49638,717,656
49740,717,656
49840,717,657
49941,717,661
50043,717,678
50144,717,685
50245,717,677
50347,717,661
50447,717,656
50549,717,657
50650,717,656
50751,717,654
50853,717,654
50954,717,654
51054,717,654
51156,717,654
51257,717,654
51359,717,654
51460,717,654
51561,717,654
51662,717,654
51763,717,654
51864,717,654
51966,717,654
52067,717,654
52169,717,654
52269,717,654
52370,717,654
52472,717,654
52573,717,654
52674,717,654
52775,717,654
52876,717,654
52978,717,654
53079,717,654
53180,717,654
53282,717,654
53382,717,654
53483,717,654
53585,717,654
53686,717,654
53788,717,654
53889,717,654
53989,717,672
54091,717,682
54192,717,655
54293,717,646
54395,717,648
54496,717,649
54596,717,649
54698,717,649
54799,717,649
54901,717,649
55002,717,649
55103,717,649
55204,717,649
55305,717,649
55406,717,649
55508,717,649
55609,717,649
55710,717,649
55811,717,649
55912,717,649
56014,717,649
56115,717,649
56216,717,649
56317,717,649
56418,717,649
56520,717,649
56621,717,649
56722,717,649
56824,717,649
56924,717,649
57025,717,649
57127,717,649
57228,717,649
57330,717,649
57431,717,649
57531,717,658
57633,717,678
57734,717,678
57835,717,650
57937,717,638
58037,717,644
58138,717,644
58240,717,644
58341,717,644
58443,717,644
58544,717,644
58644,717,644
58746,717,644
58847,717,644
58948,717,644
59050,717,644
59151,717,644
59252,717,644
59353,717,644
59454,717,644
59556,717,644
59657,717,644
59758,717,644
59859,717,644
59960,717,644
60062,717,644
60163,717,644
60264,717,644
60366,717,644
60466,717,644
60567,717,644
60669,717,644
60770,717,644
60872,717,644
60972,717,644
61073,717,644
61175,717,646
61276,717,667
61377,717,692
61479,717,681
61579,717,658
61680,717,642
61782,717,641
61883,717,642
61985,717,642
62086,717,642
62186,717,642
62288,717,642
62389,717,642
62490,717,642
62592,717,642
62693,717,642
62794,717,642
62895,717,642
62996,717,642
63098,717,642
63199,717,642
63299,717,642
63401,717,642
63502,717,642
63604,717,642
63705,717,642
63806,717,641
63907,717,641
64008,717,642
64109,717,642
64211,717,641
64312,717,641
64414,717,641
64514,717,641
64615,717,641
64717,717,642
64818,717,643
64919,717,666
65021,717,695
65121,717,687
65223,717,662
65324,717,643
65425,717,658
65527,717,664
65627,717,646
65728,717,642
65830,717,642
65931,717,641
66032,717,642
66134,717,646
66234,717,652
66336,717,650
66437,717,652
66538,717,650
66640,717,646
66741,717,639
66841,717,636
66943,717,637
67044,717,637
67146,717,637
67247,717,637
67347,717,637
67449,717,637
67550,717,637
67651,717,637
67753,717,637
67854,717,637
67955,717,637
68056,717,637
68157,717,637
68259,717,637
68360,717,637
68461,717,637
68562,717,637
68663,717,637
68765,717,637
68866,717,636
68967,717,636
69068,717,637
69169,717,637
69270,717,637
69372,717,636
69473,717,636
69575,717,636
69675,717,637
69776,717,637
69878,717,636
69979,717,636
70080,717,636
70182,717,636
70282,717,636
70383,717,636
70485,717,636
70586,717,636
70688,717,638
70788,717,661
70889,717,689
70991,717,664
71092,717,635
71193,717,633
71295,717,633
71395,717,633
71497,717,633
71598,717,633
71699,717,633
71801,717,633
71901,717,633
72002,717,633
72104,717,633
72205,717,633
72307,717,633
72408,717,633
72508,717,633
72610,717,633
72711,717,633
72812,717,633
72914,717,633
73015,717,633
73116,717,632
73217,717,632
73318,717,632
73420,717,632
73521,717,632
73621,717,632
73723,717,633
73824,717,633
73925,717,633
74027,717,632
74128,717,633
74229,717,632
74330,717,632
74431,717,632
74533,717,645
74634,717,675
74735,717,687
74836,717,671
74937,717,634
75039,717,628
75140,717,630
75241,717,630
75342,717,630
75443,717,630
75544,717,630
75646,717,630
75747,717,630
75849,717,630
75949,717,630
76050,717,629
76152,717,629
76253,717,630
76354,717,630
76455,717,629
76556,717,630
76658,717,630
76759,717,630
76860,717,629
76962,717,629
77062,717,629
77163,717,629
77265,717,629
77366,717,629
77468,717,630
77568,717,629
77669,717,629
77771,717,629
77872,717,629
77973,717,629
78075,717,629
78175,717,629
78276,717,629
78378,717,629
78479,717,629
78581,717,632
78682,717,645
78782,717,641
78884,717,627
78985,717,625
79086,717,627
79188,717,627
79288,717,627
79390,717,627
79491,717,627
79592,717,627
79694,717,627
79795,717,627
79895,717,627
79997,717,627
80098,717,627
80200,717,627
80301,717,627
80401,717,627
80503,717,627
80604,717,627
80705,717,627
80807,717,627
80908,717,627
81008,717,627
81110,717,627
81211,717,627
81313,717,627
81414,717,627
81514,717,627
81616,717,627
81717,717,627
81818,717,627
81920,717,627
82021,717,627
82122,717,627
82223,717,627
82324,717,627
82426,717,627
82527,717,627
82628,717,627
82729,717,627
82830,717,627
82932,717,627
83033,717,627
83134,717,627
83235,717,627
83336,717,627
83437,717,627
83539,717,627
83640,717,627
83742,717,627
83842,717,627
83943,717,627
84045,717,627
84146,717,627
84247,717,627
84349,717,627
84449,717,627
84551,717,627
84652,717,627
84753,717,627
84855,717,627
84955,717,627
85056,717,627
85158,717,627
85259,717,627
85360,717,627
85462,717,627
85562,717,627
85664,717,627
85765,717,627
85866,717,627
85968,717,627
86068,717,627
86169,717,627
86271,717,627
86372,717,627
86474,717,627
86575,717,627
86675,717,627
86777,717,627
86878,717,627
86979,717,627
87081,717,627
87182,717,627
87283,717,627
87384,717,627
87485,717,627
87587,717,627
87688,717,627
87788,717,627
87890,717,627
87991,717,627
88093,717,627
88194,717,627
88295,717,626
88396,717,627
88497,717,626
88598,717,627
88700,717,627
88801,717,627
88903,717,627
89003,717,627
89104,717,626
89206,717,626
89307,717,626
89408,717,626
89509,717,627
89610,717,626
89711,717,626
89813,717,627
89914,717,626
90016,717,626
90116,717,626
90217,717,626
90319,717,626
90420,717,626
90521,717,627
90623,717,626
90723,717,626
90825,717,626
90926,717,627
91027,717,627
91129,717,626
91229,717,626
91330,717,626
91432,717,626
91533,717,626
91635,717,626
91736,717,626
91836,717,626
91938,717,626
92039,717,626
92140,717,626
92242,717,626
92343,717,626
92444,717,626
92545,717,626
92646,717,626
92748,717,626
92849,717,626
92950,717,626
93051,717,626
93152,717,626
93253,717,626
93355,717,626
93456,717,626
93557,717,626
93658,717,626
93759,717,626
93861,717,626
93962,717,626
94063,717,628
94164,717,632
94265,717,639
94367,717,650
94468,717,646
94569,717,627
94671,717,589
94771,717,552
94872,717,520
94974,717,481
95075,717,419
95177,717,360
95277,717,273
95378,717,159
95480,717,62
95581,717,10
95682,717,0
95784,717,0
95884,717,0
95986,717,0
96087,717,0
96188,717,0
96290,717,0
96391,717,0
96491,717,0
96593,717,0
96694,717,0
96796,717,0
96897,717,2
96997,717,16
97099,717,24
97200,717,75
97301,717,145
97403,717,227
97504,717,389
97604,717,551
97706,717,637
97807,717,651
97909,717,651
98010,717,651
98111,717,651
98212,717,651
98313,717,651
98414,717,651
98516,719,651
98617,718,651
98718,717,651
98819,717,651
98920,717,651
99022,717,651
99123,717,651
99224,717,651
99325,717,651
99426,717,651
99528,717,651
99629,717,651
99730,717,651
99832,717,651
99932,717,651
100033,717,651
100135,717,651
100236,717,651
100338,717,651
100438,717,651
100539,717,651
100641,717,651
100742,717,651
100843,717,651
100945,717,651
101045,717,651
101146,717,651
101267,717,651
101349,717,651
101451,717,651
101552,717,651
101652,717,651
101754,717,651
101855,717,651
101956,717,651
102058,717,651
102158,717,651
102260,717,651
102361,717,651
102462,717,651
102564,717,651
102665,717,651
102765,717,651
102867,717,651
102968,717,651
103070,717,651
103171,717,651
103272,717,651
103373,717,651
103474,717,651
103575,717,651
103677,717,651
103778,717,651
103880,717,651
103980,717,651
104081,717,651
104183,717,651
104284,717,655
104385,717,668
104486,717,677
104587,717,678
104688,717,681
104790,717,678
104891,717,670
104993,717,668
105093,717,667
105194,717,678
105296,717,687
105397,717,692
105498,717,692
105599,717,678
105700,717,656
105802,717,648
105903,717,647
106004,717,647
106106,717,648
106206,717,650
106307,717,655
106409,717,662
106510,717,657
106612,717,652
106713,717,651
106813,717,651
106915,717,651
107016,717,657
107117,717,680
107219,717,703
107319,717,686
107421,717,656
107522,717,647
107623,717,647
107725,717,647
107826,717,647
107926,717,647
108028,717,647
108129,717,647
108231,718,647
108332,727,647
108433,742,647
108534,749,647
108635,732,647
108736,714,647
108838,712,647
108939,712,647
109039,712,647
109141,712,647
109242,713,647
109344,713,647
109444,713,647
109545,713,647
109647,713,647
109748,713,647
109849,713,647
109950,712,647
110051,712,647
110153,712,647
110254,712,647
110354,712,647
110456,712,647
110557,712,647
110658,712,647
110760,712,647
110860,712,650
110962,712,658
111063,712,662
111164,712,676
111265,712,693
111366,712,693
111467,712,678
111569,712,657
111670,712,647
111770,712,651
111872,712,660
111973,713,667
112075,715,663
112176,718,655
112276,715,657
112378,703,656
112479,707,654
112580,709,658
112681,709,658
112782,709,663
112884,709,660
112985,709,651
113086,709,649
113187,709,645
113288,709,644
113389,709,644
113491,709,644
113591,709,644
113693,709,645
113794,709,648
113895,709,648
113997,709,647
114097,709,647
114198,709,648
114300,709,652
114401,709,657
114503,709,664
114603,709,681
114704,709,677
114806,709,662
114907,709,661
115007,709,663
115109,709,664
115210,709,661
115311,709,658
115413,711,648
115513,715,641
115615,710,644
115716,702,644
115817,705,644
115918,706,644
116019,706,644
116120,706,644
116222,706,644
116323,706,644
116424,706,644
116525,706,644
116626,706,644
116728,706,644
116828,706,644
116929,706,644
117031,706,644
117132,706,644
117234,706,644
117334,706,644
117435,706,644
117537,706,644
117638,706,644
117739,706,644
117840,706,644
117941,706,644
118042,706,644
118144,706,644
118244,706,644
118346,706,644
118447,706,644
118548,706,644
118650,706,644
118750,707,644
118851,706,644
118953,713,644
119054,717,644
119155,705,644
119256,703,644
119357,703,644
119459,703,644
119560,703,649
119660,703,668
119762,703,696
119863,703,721
119965,703,712
120065,703,700
120166,703,693
120268,703,678
120369,703,670
120470,703,659
120571,703,652
120672,703,645
120773,703,640
120875,703,640
120976,703,640
121077,703,640
121178,703,640
121279,703,640
121381,703,640
121481,703,640
121582,703,640
121684,703,640
121785,703,640
121887,703,640
121987,703,640
122088,703,640
122190,703,640
122291,703,640
122391,703,640
122493,703,640
122594,703,640
122696,703,640
122797,703,640
122897,704,640
122999,709,640
123100,724,640
123201,739,640
123302,725,640
123403,698,640
123504,698,640
123606,700,640
123707,700,640
123808,700,640
123909,700,640
124010,700,640
124112,700,640
124212,700,640
124313,700,640
124415,700,640
124516,700,640
124618,700,640
124718,700,640
124819,700,640
124921,700,640
125022,700,640
125122,700,640
125224,700,640
125325,700,640
125427,700,640
125528,700,640
125628,700,640
125730,700,640
125831,700,640
125932,700,640
126033,700,640
126134,700,640
126236,700,640
126337,700,650
126438,700,677
126539,700,693
126640,700,692
126741,701,687
126843,704,686
126943,697,685
127044,693,682
127146,696,675
127247,697,675
127349,697,674
127449,697,665
127550,697,659
127652,697,660
127753,697,654
127853,697,646
127955,697,641
128056,697,638
128158,697,636
128259,696,636
128359,696,636
128461,697,636
128562,696,636
128663,697,636
128764,697,636
128865,696,636
128967,697,636
129068,697,636
129168,697,636
129270,696,636
129371,696,636
129472,696,636
129574,697,636
129674,696,636
129775,696,636
129877,696,636
129978,696,636
130079,696,636
130180,696,636
130281,696,636
130383,696,636
130484,696,636
130584,697,636
130686,696,636
130787,698,636
130889,716,636
130989,709,636
131090,686,636
131192,683,636
131293,692,636
131393,692,636
131495,692,636
131596,692,636
131698,692,636
131799,692,636
131899,692,636
132001,692,636
132102,692,636
132203,692,636
132304,692,636
132405,692,636
132506,692,636
132608,692,636
132709,692,639
132810,692,650
132911,692,664
133012,692,677
133114,692,676
133214,692,662
133315,692,660
133417,692,668
133518,692,656
133620,692,640
133720,692,632
133821,692,630
133923,692,631
134024,692,631
134124,692,631
134226,692,631
134327,693,631
134429,694,631
134529,697,631
134630,699,631
134732,702,631
134833,707,631
134934,693,631
135035,688,631
135136,688,631
135237,689,631
135339,689,631
135439,689,631
135541,689,631
135642,689,631
135743,689,631
135845,689,631
135945,689,631
136046,689,631
136148,689,631
136249,689,631
136350,689,631
136451,689,631
136552,689,631
136654,689,631
136755,689,631
136855,689,631
136957,689,631
137058,689,631
137160,689,631
137260,689,631
137361,689,631
137463,689,631
137564,689,631
137664,689,631
137766,689,631
137867,689,632
137968,689,634
138070,689,641
138170,689,660
138272,689,697
138373,689,698
138474,689,664
138575,689,645
138676,689,637
138777,689,633
138879,689,631
138980,689,635
139081,689,643
139182,689,645
139283,689,673
139385,689,676
139485,689,656
139586,689,641
139688,689,631
139789,689,628
139890,689,628
139991,689,628
140092,689,628
140194,689,628
140295,689,628
140395,689,627
140497,689,628
140598,690,628
140700,699,628
140800,707,628
140901,709,628
141003,695,628
141104,679,628
141205,685,628
141306,685,628
141407,685,628
141508,685,628
141610,685,628
141710,685,628
141812,685,628
141913,685,628
142014,685,628
142115,685,628
142216,685,628
142317,685,628
142419,685,628
142520,685,628
142621,685,628
142722,685,628
142823,685,628
142925,685,628
143025,685,628
143126,685,628
143228,685,628
143329,685,628
143431,685,628
143531,685,628
143632,685,628
143734,685,632
143835,685,644
143935,685,659
144037,685,679
144138,685,678
144239,685,658
144340,685,647
144441,685,637
144543,685,631
144644,685,632
144745,685,639
144846,685,643
144947,685,639
145048,685,637
145150,685,632
145250,685,634
145352,685,636
145453,685,631
145554,685,629
145656,685,634
145756,685,636
145857,685,633
145959,685,630
146060,685,628
146160,685,628
146262,685,628
146363,685,628
146465,685,634
146565,685,656
146666,685,665
146768,685,644
146869,685,629
146970,685,629
147071,685,627
147172,685,624
147274,685,624
147375,685,623
147475,685,623
147577,685,623
147678,685,623
147779,685,623
147880,685,623
147981,685,623
148083,686,623
148184,695,624
148285,698,624
148386,689,624
148487,680,624
148588,679,624
148690,681,623
148790,682,624
148892,682,624
148993,682,624
149094,682,624
149196,682,623
149296,682,624
149397,682,624
149499,682,623
149600,682,623
149700,682,623
149802,682,624
149903,682,624
150005,682,624
150105,682,623
150206,682,624
150308,682,624
150409,682,624
150510,682,624
150611,682,625
150712,681,632
150814,682,645
150915,682,687
151015,682,719
151117,682,677
151218,682,659
151319,682,645
151421,682,636
151521,682,634
151623,682,635
151724,682,637
151825,682,636
151926,687,636
152027,693,634
152128,693,632
152230,692,629
152331,686,638
152431,678,646
152533,677,645
152634,678,651
152736,678,641
152837,678,624
152937,678,620
153039,678,619
153140,678,619
153241,678,619
153343,678,619
153443,678,619
153545,678,619
153646,678,619
153747,678,619
153849,678,619
153949,678,619
154050,678,619
154152,678,619
154253,678,619
154354,678,619
154455,678,619
154556,678,619
154658,678,619
154759,678,619
154859,678,619
154961,678,619
155062,678,619
155164,678,620
155264,678,619
155365,678,619
155467,678,619
155568,678,619
155669,678,619
155770,678,619
155871,678,619
155972,678,619
156074,678,619
156174,678,619
156276,680,619
156377,680,619
156478,677,619
156580,682,619
156680,688,619
156781,691,619
156883,688,619
156984,685,619
157085,675,619
157186,674,620
157287,674,630
157389,674,675
157489,674,693
157590,674,682
157692,674,662
157793,674,651
157895,674,644
157995,674,640
158096,675,638
158198,674,628
158299,675,619
158399,675,618
158501,675,619
158602,675,625
158703,674,621
158805,674,616
158905,674,616
159007,674,616
159108,674,616
159209,675,616
159310,675,616
159411,675,616
159512,675,616
159614,675,616
159715,674,616
159816,674,616
159917,675,616
160018,674,616
160120,674,616
160220,674,616
160321,675,616
160423,675,616
160524,674,616
160624,675,616
160726,675,616
160827,675,616
160929,675,616
161030,674,616
161130,674,616
161232,674,616
161333,675,616
161434,675,616
161535,674,616
161636,675,616
161738,674,616
161839,674,616
161940,675,616
162041,675,616
162142,674,616
162243,674,616
162345,674,616
162445,674,616
162547,674,616
162648,675,616
162749,684,616
162850,695,616
162951,696,616
163052,669,616
163154,651,616
163255,666,619
163356,670,633
163457,670,644
163558,670,629
163660,670,617
163760,670,616
163861,670,616
163963,670,616
164064,670,616
164165,670,616
164266,670,616
164367,670,619
164469,670,633
164570,670,648
164670,670,651
164772,670,652
164873,670,649
164974,670,641
165075,670,626
165176,670,614
165278,670,612
165379,670,612
165480,670,612
165581,670,612
165682,670,612
165783,670,612
165885,670,612
165985,670,612
166087,670,612
166188,670,612
166289,670,612
166390,670,612
166491,670,612
166592,670,612
166694,670,612
166795,670,612
166895,670,612
166997,670,612
167098,670,612
167200,670,612
167300,670,612
167401,670,612
167503,670,612
167604,670,612
167705,670,612
167806,670,612
167907,670,612
168009,670,612
168110,670,612
168210,670,612
168312,670,612
168413,670,612
168514,670,612
168615,670,612
168716,670,612
168818,670,612
168919,670,612
169020,676,612
169121,676,612
169222,665,612
169323,659,612
169425,665,612
169525,667,612
169626,667,612
169728,666,612
169829,666,612
169931,667,612
170031,667,612
170132,667,612
170234,667,612
170335,667,612
170435,667,612
170537,667,612
170638,667,612
170740,667,612
170840,667,612
170941,667,612
171043,667,612
171144,667,612
171245,667,612
171346,667,612
171447,667,612
171549,667,612
171650,667,612
171750,667,612
171852,667,612
171953,667,615
172054,667,632
172156,667,659
172256,667,663
172357,667,664
172459,667,655
172560,667,639
172661,667,632
172762,667,625
172863,667,614
172965,667,609
173065,667,611
173166,667,612
173268,667,612
173369,671,612
173471,679,612
173571,678,612
173672,679,612
173774,666,614
173875,666,627
173975,667,642
174077,667,644
174178,667,632
174280,667,616
174380,667,609
174481,667,608
174583,667,608
174684,670,608
174785,673,608
174886,667,608
174987,678,608
175088,666,609
175190,663,608
175290,663,608
175392,663,608
175493,663,608
175594,663,608
175696,663,608
175796,663,608
175897,663,608
175999,663,608
176100,663,608
176201,663,608
176302,663,608
176403,663,608
176505,663,608
176605,663,608
176706,663,608
176808,663,608
176909,663,608
177011,663,608
177111,663,608
177212,663,608
177314,663,608
177415,663,608
177515,663,611
177617,663,635
177718,663,671
177820,663,663
177920,663,649
178021,663,657
178123,663,659
178224,663,658
178325,663,663
178426,663,660
178527,663,645
178628,663,628
178730,663,619
178830,663,609
178932,663,605
179033,663,605
179134,663,612
179235,663,621
179336,663,618
179437,663,613
179539,663,614
179640,663,618
179741,663,621
179842,663,624
179943,663,622
180045,663,615
180145,663,607
180246,663,605
180348,663,605
180449,663,605
180549,663,605
180651,663,605
180752,663,605
180854,663,605
180955,663,605
181055,663,605
181157,663,605
181258,663,605
181359,663,605
181460,663,605
181561,663,605
181663,663,605
181764,663,605
181865,663,605
181966,663,605
182067,663,605
182168,663,605
182270,663,605
182370,663,605
182472,663,605
182573,663,605
182674,663,605
182775,663,605
182876,663,605
182977,663,605
183079,663,605
183180,663,605
183280,663,605
183382,663,605
183483,663,605
183585,663,605
183685,663,605
183786,665,605
183888,674,605
183989,674,605
184089,663,605
184191,653,605
184292,659,605
184394,659,613
184495,659,640
184595,659,653
184697,659,657
184798,659,655
184899,659,647
185000,659,648
185101,659,648
185203,659,641
185304,659,622
185404,659,605
185506,659,601
185607,659,601
185708,659,601
185810,659,601
185910,659,601
186012,659,601
186113,659,601
186214,659,601
186315,659,601
186416,659,601
186517,659,601
186619,659,601
186720,659,601
186820,659,601
186922,659,601
187023,659,601
187125,659,601
187225,659,601
187326,659,601
187428,659,601
187529,659,601
187629,659,601
187731,659,601
187832,659,601
187934,660,601
188035,661,601
188135,656,601
188237,657,601
188338,649,601
188439,653,601
188540,655,601
188641,655,601
188743,655,601
188844,655,601
188944,655,601
189046,655,601
189147,655,601
189248,655,601
189350,655,601
189450,655,601
189551,655,601
189653,655,601
189754,655,601
189855,655,601
189956,655,601
190057,655,601
190159,655,605
190259,655,625
190360,655,637
190462,655,629
190563,655,656
190665,655,670
190765,655,668
190866,657,654
190968,667,639
191069,677,638
191169,665,636
191271,645,634
191372,650,626
191474,651,612
191575,651,602
191675,651,599
191777,651,598
191878,651,598
191979,651,599
192080,651,598
192181,651,598
192282,651,598
192384,651,598
192484,651,598
192586,651,598
192687,651,598
192788,651,598
192890,651,598
192990,651,598
193091,651,598
193193,651,598
193294,651,598
193395,651,598
193496,651,598
193597,651,598
193699,651,598
193799,651,598
193900,651,599
194002,651,598
194103,651,598
194205,651,598
194305,651,598
194406,651,598
194508,651,599
194609,651,598
194709,651,598
194811,651,598
194912,651,598
195013,651,598
195115,651,598
195215,651,598
195317,651,598
195418,651,598
195519,651,598
195620,651,598
195721,651,598
195822,651,598
195924,651,598
196024,651,598
196126,651,598
196227,651,607
196328,651,631
196430,651,643
196530,651,644
196631,657,621
196733,669,611
196834,673,616
196935,652,616
197036,633,621
197137,644,623
197239,647,618
197340,647,617
197440,647,624
197542,647,623
197643,647,629
197744,647,630
197845,647,623
197946,647,610
198048,647,600
198149,647,598
198249,647,600
198351,647,597
198452,647,595
198553,647,595
198655,647,595
198779,647,595
198857,647,595
198958,647,595
199059,647,595
199160,647,595
199261,647,595
199362,647,595
199464,647,595
199564,647,595
199666,647,595
199767,647,595
199868,647,595
199970,647,595
200070,647,595
200171,647,595
200273,647,595
200374,647,595
200474,647,595
200576,647,595
200677,647,595
200779,647,595
200879,647,595
200980,647,595
201082,647,595
201183,647,595
201284,647,595
201385,647,595
201486,647,595
201588,647,595
201689,647,595
201789,647,595
201891,647,595
201992,647,595
202093,647,595
202195,647,595
202295,647,595
202397,647,595
202498,647,595
202599,647,595
202700,647,595
202801,647,595
202902,647,595
203004,647,595
203104,647,595
203205,651,595
203307,657,595
203408,642,595
203510,642,595
203610,643,595
203711,643,595
203813,643,595
203914,643,596
204014,643,598
204116,643,609
204217,643,637
204319,643,648
204419,643,624
204520,643,619
204622,643,644
204723,643,636
204824,643,603
204925,643,595
205026,643,596
205128,643,603
205229,643,608
205329,643,611
205431,643,615
205532,643,626
205633,643,631
205735,643,626
205835,643,618
205936,643,611
206038,643,601
206139,643,593
206240,643,592
206341,643,592
206442,643,592
206544,643,592
206645,643,592
206745,644,592
206847,648,592
206948,644,592
207050,648,592
207150,591,592
207251,307,592
207353,68,592
207454,3,592
207554,0,592
207656,0,592
207757,0,592
207859,0,592
207960,0,592
208060,0,592
208162,0,592
208263,0,592
208364,0,592
208465,3,592
208566,34,592
208668,80,592
208769,179,592
208870,416,592
208971,625,592
209072,705,592
209173,711,592
209275,711,592
209375,711,592
209476,711,592
209578,711,592
209679,711,592
209780,711,592
209881,711,592
209982,711,592
210084,711,592
210185,711,592
210285,711,592
210387,711,604
210488,711,616
210590,711,627
210690,711,637
210791,711,622
210893,711,611
210994,711,616
211095,711,609
211196,711,609
211297,714,616
211399,725,612
211500,740,614
211600,761,617
211702,757,615
211803,720,614
211904,711,613
212005,711,607
212106,711,596
212207,711,589
212309,711,589
212410,711,589
212511,711,588
212612,711,589
212713,711,589
212815,711,592
212915,711,592
213016,711,592
213118,711,592
213219,711,592
213321,711,592
213421,711,592
213522,711,598
213624,711,607
213725,711,617
213825,711,615
213927,711,604
214028,711,593
214130,711,589
214230,711,589
214331,711,589
214433,711,589
214534,711,589
214635,711,589
214736,711,589
214837,711,589
214938,711,588
215040,711,588
215140,711,589
215242,711,589
215343,711,589
215444,711,589
215546,711,589
215646,711,588
215747,711,589
215849,711,589
215950,711,589
216051,711,589
216152,711,589
216253,711,589
216355,711,589
216455,711,589
216556,711,589
216658,711,589
216759,711,589
216861,711,589
216961,711,589
217062,711,589
217164,711,589
217265,711,589
217365,711,588
217467,711,589
217568,711,589
217669,711,589
217771,711,589
217871,711,589
217973,711,589
218074,711,589
218175,711,589
218276,711,589
218377,711,589
218478,711,589
218580,711,589
218680,711,589
218782,712,589
218883,718,589
218984,724,589
219086,737,589
219186,761,590
219287,748,624
219389,707,669
219490,705,672
219591,706,665
219692,706,666
219793,706,662
219895,706,654
219996,706,637
220096,706,627
220198,706,617
220299,706,601
220400,706,589
220501,706,585
220602,706,585
220704,706,585
220805,706,585
220905,706,585
221007,706,585
221108,706,585
221209,707,585
221311,719,585
221411,744,585
221513,741,585
221614,734,585
221715,717,585
221816,717,585
221917,714,585
222018,709,585
222120,703,585
222220,703,585
222322,703,585
222423,703,585
222524,703,585
222626,703,585
222726,703,585
222827,703,585
222929,703,585
223030,703,585
223130,703,585
223232,703,585
223333,703,585
223435,703,585
223536,703,585
223636,703,585
223738,703,585
223839,703,585
223940,705,585
224041,710,585
224142,723,585
224244,747,585
224345,789,585
224445,832,585
224547,813,586
224648,767,586
224749,713,589
224851,699,608
224951,699,627
225053,699,639
225154,699,640
225255,699,638
225356,699,626
225457,699,614
225558,699,610
225660,699,601
225760,699,595
225861,699,595
225963,699,590
226064,699,583
226166,699,582
226266,699,582
226367,699,582
226469,699,582
226570,699,582
226670,699,582
226772,700,582
226873,705,582
226975,731,582
227076,759,582
227176,766,582
227278,751,582
227379,713,582
227480,697,582
227581,696,582
227682,696,582
227784,696,582
227885,696,582
227985,696,582
228087,696,582
228188,696,582
228289,696,582
228391,696,582
228491,696,582
228592,696,582
228694,696,582
228795,696,582
228896,696,582
228997,696,582
229098,696,582
229200,697,582
229300,714,582
229401,741,582
229503,752,583
229604,736,600
229706,707,623
229806,693,635
229907,693,635
230009,693,628
230110,693,631
230210,693,625
230312,693,623
230413,693,618
230515,692,618
230616,693,619
230716,693,609
230818,693,605
230919,693,604
231020,693,602
231121,693,620
231222,693,629
231324,693,628
231425,693,633
231525,693,626
231627,693,608
231728,693,596
231829,693,594
231931,693,595
232031,699,591
232132,718,587
232234,744,580
232335,724,578
232436,692,578
232537,692,578
232638,693,578
232740,693,578
232840,693,578
232941,692,578
233043,692,578
233144,693,578
233246,693,578
233346,697,578
233447,698,578
233549,694,578
233650,696,578
233750,704,578
233852,705,578
233953,694,578
234055,690,578
234155,691,578
234256,693,578
234358,693,578
234459,693,578
234560,693,578
234661,693,578
234762,693,578
234863,693,578
234965,693,578
235065,703,578
235167,727,578
235268,731,578
235369,706,578
235470,689,578
235571,689,578
235672,689,578
235774,689,578
235875,689,578
235976,689,578
236077,689,578
236178,688,578
236280,688,578
236380,688,578
236481,689,578
236583,688,578
236684,688,578
236784,689,578
236886,689,578
236987,688,578
237089,688,578
237189,688,578
237290,689,578
237392,694,578
237493,704,578
237594,695,578
237695,688,578
237796,688,578
237898,689,578
237999,688,578
238099,689,578
238201,689,578
238302,689,579
238403,698,587
238504,718,601
238605,716,602
238707,692,604
238808,685,606
238909,685,596
239010,685,453
239111,685,137
239212,685,7
239314,685,0
239414,685,0
239516,685,0
239617,686,0
239718,685,0
239819,685,0
239920,685,0
240021,685,0
240123,685,0
240224,685,0
240324,685,0
240426,685,0
240527,685,0
240629,686,0
240729,685,0
240830,685,0
240932,687,0
241033,715,0
241133,757,0
241235,757,0
241336,729,0
241438,698,0
241539,682,0
241639,681,0
241741,681,0
241842,681,0
241943,681,0
242044,681,0
242145,681,0
242247,681,17
242348,681,88
242448,681,189
242550,681,302
242651,681,455
242752,681,630
242854,681,663
242954,681,661
243055,681,661
243157,681,661
243258,681,660
243359,681,660
243460,681,660
243561,682,660
243663,682,660
243763,682,661
243864,687,662
243966,702,663
244067,734,663
244169,737,662
244269,696,662
244370,678,662
244472,677,661
244573,677,661
244673,677,661
244775,677,661
244876,677,661
244978,677,660
245078,677,668
245179,677,712
245281,677,754
245382,677,722
245483,677,671
245584,677,668
245685,677,667
245786,677,667
245888,677,667
245988,677,666
246090,677,666
246191,677,666
246292,677,666
246393,677,666
246494,677,666
246595,677,666
246697,677,665
246798,678,665
246899,684,665
247000,695,665
247101,714,665
247203,702,665
247303,680,665
247404,674,665
247506,673,665
247607,673,665
247708,673,665
247809,674,665
247910,673,665
248012,673,665
248112,673,664
248213,673,664
248315,673,664
248416,673,664
248517,673,664
248618,673,664
248719,673,664
248821,673,665
248922,673,665
249022,673,665
249124,673,665
249225,673,665
249326,673,665
249427,673,665
249528,673,665
249630,673,667
249731,673,688
249832,673,720
249933,675,712
250034,685,679
250135,709,674
250237,723,673
250337,690,673
250439,669,672
250540,670,672
250641,670,672
250742,672,672
250843,675,672
250944,674,671
251046,673,671
251147,673,671
251247,673,671
251349,673,671
251450,673,671
251552,674,670
251652,683,670
251753,705,670
251855,704,670
251956,681,670
252056,670,670
252158,670,670
252259,670,670
252361,670,681
252462,670,711
252562,670,719
252664,670,682
252765,670,669
252866,670,668
252967,670,668
253068,670,668
253170,670,668
253271,670,668
253371,670,668
253473,670,668
253574,670,668
253675,670,668
253777,670,668
253877,670,668
253978,670,668
254080,670,668
254181,670,667
254282,670,667
254383,670,668
254484,670,667
254586,671,667
254686,689,667
254787,712,679
254889,727,707
254990,725,739
255091,692,725
255192,668,676
255293,666,669
255395,666,669
255496,667,669
255596,669,669
255698,671,669
255799,670,668
255901,670,668
256001,670,668
256102,670,668
256204,670,668
256305,672,668
256405,683,668
256507,701,668
256608,712,668
256709,699,668
256811,677,668
256911,666,668
257013,664,668
257114,665,668
257215,666,668
257316,667,668
257417,666,668
257518,666,668
257620,667,684
257720,667,768
257822,666,709
257923,666,671
258024,667,669
258125,666,669
258226,666,668
258327,666,668
258429,667,668
258530,667,668
258631,667,668
258732,669,668
258833,677,668
258935,691,667
259035,717,668
259136,715,668
259238,681,667
259339,664,667
259439,663,667
259541,663,667
259642,663,667
259744,663,667
259845,663,667
259945,663,668
260047,663,689
260148,663,743
260249,663,791
260350,663,725
260451,663,667
260553,663,664
260654,663,664
260754,663,664
260856,663,664
260957,663,664
261058,663,664
261159,663,664
261260,663,663
261362,663,664
261463,663,664
261564,663,663
261665,663,663
261766,663,664
261867,663,664
261969,663,663
262069,663,663
262170,663,663
262272,663,663
262373,663,663
262474,663,663
262575,663,663
262676,663,663
262778,663,663
262879,663,663
262979,663,663
263081,663,663
263182,663,663
263284,663,663
263384,663,663
263485,663,663
263587,663,663
263688,663,663
263788,663,663
263890,663,663
263991,663,663
264093,664,663
264193,670,663
264294,688,663
264396,714,663
264497,739,663
264598,729,664
264699,686,677
264800,662,696
264901,659,704
265003,659,679
265103,659,664
265205,659,663
265306,659,663
265407,659,663
265508,659,663
265609,659,663
265710,659,663
265812,659,663
265913,659,663
266014,659,663
266115,659,663
266216,659,663
266318,659,663
266418,659,663
266519,659,663
266621,659,663
266722,659,663
266823,659,663
266924,659,663
267025,659,664
267127,659,680
267227,664,727
267328,674,731
267430,683,671
267531,681,660
267632,659,661
267733,654,661
267834,656,661
267936,656,661
268037,658,661
268137,656,661
268239,656,661
268340,656,661
268441,656,661
268542,656,661
268643,656,661
268745,656,661
268846,656,661
268947,656,661
269048,656,661
269149,656,661
269250,656,661
269352,656,661
269452,656,663
269554,656,751
269655,656,805
269756,656,732
269857,657,669
269958,669,665
270059,689,665
270161,685,665
270261,659,665
270362,652,665
270464,652,665
270565,652,665
270667,652,665
270767,652,664
270868,652,664
270970,652,664
271071,652,664
271171,652,664
271273,652,664
271374,652,664
271476,652,664
271576,652,664
271677,652,664
271779,652,664
271880,652,664
271980,652,664
272082,652,664
272183,652,664
272285,652,664
272386,652,664
272486,652,664
272588,652,670
272689,652,682
272790,652,704
272891,652,700
272992,652,667
273093,652,664
273195,656,665
273295,674,664
273397,690,664
273498,689,664
273599,668,664
273700,654,664
273801,649,664
273902,651,664
274004,652,664
274105,648,664
274206,648,664
274307,648,664
274408,648,664
274510,648,664
274610,648,664
274711,648,664
274813,648,664
274914,648,664
275015,648,664
275116,648,666
275217,648,683
275319,648,709
275420,648,703
275520,648,657
275622,648,657
275723,648,657
275824,648,657
275925,648,657
276026,654,657
276128,680,657
276229,697,657
276329,672,658
276431,649,657
276532,645,657
276633,645,657
276734,646,658
276835,648,658
276937,648,658
277038,648,658
277139,648,657
277240,648,658
277341,649,658
277442,650,658
277544,655,658
277644,662,657
277746,660,658
277847,648,672
277948,643,698
278049,644,736
278150,645,789
278251,645,727
278353,645,662
278453,645,659
278554,645,659
278656,645,659
278757,645,659
278859,645,659
278959,645,659
279060,645,659
279162,645,659
279263,645,659
279363,645,659
279465,645,659
279566,645,659
279668,645,659
279768,645,659
279869,645,659
279971,645,659
280072,650,659
280172,674,658
280274,703,658
280375,679,658
280477,645,658
280578,641,658
280678,641,658
280780,641,658
280881,641,658
280982,641,658
281083,641,658
281184,641,658
281285,641,658
281387,641,705
281487,641,774
281589,641,858
281690,641,860
281791,641,715
281892,641,652
281993,641,655
282094,641,655
282196,641,655
282297,641,654
282398,641,654
282499,641,654
282600,641,654
282702,641,654
282802,647,654
282903,661,654
283005,672,654
283106,672,654
283207,660,654
283308,641,654
283409,637,654
283511,637,654
283611,637,654
283712,637,654
283814,637,654
283915,637,654
284016,637,654
284117,637,654
284218,637,654
284320,637,654
284421,637,654
284521,637,654
284623,637,654
284724,637,654
284825,637,654
284926,637,654
285027,637,654
285129,637,654
285230,637,654
285330,637,653
285432,637,653
285533,637,653
285634,637,653
285736,637,653
285836,637,661
285938,637,711
286039,637,769
286140,637,774
286241,637,681
286342,637,649
286443,637,650
286545,637,650
286645,637,650
286746,637,650
286848,637,650
286949,637,650
287050,637,650
287151,637,650
287252,637,649
287354,637,649
287455,637,649
287555,637,649
287657,637,649
287758,637,649
287860,637,649
287960,620,649
288061,630,649
288163,635,649
288264,476,649
288364,153,649
288466,14,649
288567,0,649
288669,0,649
288770,0,649
288870,0,649
288972,0,649
289073,0,649
289174,0,649
289275,3,649
289376,30,649
289477,73,649
289579,244,649
289679,567,649
289781,715,649
289882,762,650
289983,746,650
290084,719,650
290185,717,650
290286,717,649
290388,717,649
290489,717,651
290590,717,687
290691,717,773
290792,717,841
290894,717,790
290994,717,666
291095,717,647
291197,717,646
291298,717,645
291399,717,645
291500,717,645
291601,717,645
291703,717,645
291803,717,645
291904,717,645
292006,717,645
292107,717,645
292208,717,645
292309,717,645
292410,717,645
292512,717,645
292613,717,645
292713,717,645
292815,717,645
292916,717,645
293017,717,645
293118,717,645
293219,717,645
293321,717,645
293422,717,645
293523,717,645
293624,717,645
293725,721,645
293826,771,645
293928,839,645
294028,781,645
294130,717,645
294231,713,645
294332,713,646
294433,713,672
294534,713,739
294635,713,777
294737,713,713
294837,713,640
294938,713,641
295040,713,642
295141,713,642
295243,713,642
295343,713,642
295444,713,642
295546,713,642
295647,713,642
295747,713,642
295849,713,642
295950,713,642
296052,713,642
296152,713,642
296253,713,642
296355,713,642
296456,713,642
296557,713,642
296658,713,642
296759,713,642
296886,713,642
297014,714,642
297144,719,642
297273,732,642
297366,711,642
297467,710,642
297568,710,642
297669,710,642
297771,710,642
297871,710,642
297973,710,642
298074,710,642
298175,710,642
298277,710,642
298377,710,643
298478,710,655
298580,710,691
298681,710,727
298782,710,695
298883,710,644
298984,710,642
299086,710,641
299186,709,641
299287,710,641
299389,710,641
299490,710,641
299592,710,641
299692,710,641
299793,734,641
299895,776,641
299996,726,641
300096,706,641
300198,706,641
300299,706,641
300400,706,641
300501,706,641
300602,706,641
300704,706,641
300805,706,641
300906,706,641
301007,706,641
301108,706,641
301209,706,641
301311,706,641
301411,706,641
301513,706,641
301614,706,641
301715,706,641
301816,706,641
301917,706,641
302018,706,641
302120,706,641
302221,706,641
302322,706,642
302423,706,660
302524,706,699
302626,706,705
302726,706,666
302827,706,639
302929,706,638
303030,706,638
303130,706,637
303232,706,638
303333,706,638
303435,706,638
303536,707,638
303636,732,638
303738,819,638
303839,862,638
303940,735,638
304041,701,638
304142,702,638
304244,702,638
304345,702,638
304445,702,638
304547,701,638
304648,702,638
304749,702,638
304851,702,638
304951,702,638
305053,702,638
305154,702,638
305255,702,638
305356,702,638
305457,702,638
305558,702,638
305660,702,638
305761,702,638
305861,702,638
305963,702,638
306064,702,638
306166,702,639
306266,701,662
306367,702,691
306469,702,711
306570,702,673
306670,702,638
306772,702,636
306873,702,635
306975,702,635
307076,702,635
307176,702,635
307278,702,635
307379,702,635
307480,701,635
307581,702,635
307682,702,635
307784,702,635
307885,702,635
307985,702,635
308087,702,635
308188,702,635
308289,701,635
308391,702,635
308491,702,635
308592,702,635
308694,702,635
308795,702,635
308896,714,635
308997,756,635
309098,728,636
309200,699,636
309300,698,636
309401,698,636
309503,698,636
309604,698,636
309706,698,636
309806,698,636
309907,698,635
310009,698,636
310110,698,636
310210,698,636
310312,698,636
310413,698,636
310515,698,637
310615,698,670
310716,698,745
310818,698,787
310919,698,733
311020,698,629
311121,698,631
311222,698,632
311324,698,632
311425,698,632
311525,698,632
311627,698,632
311728,698,632
311829,698,632
311930,698,632
312031,698,632
312132,698,632
312234,698,632
312335,698,632
312436,698,632
312537,698,632
312638,698,632
312740,698,632
312840,698,632
312941,698,632
313043,698,632
313144,698,632
313245,698,632
313346,698,632
313447,698,632
313549,698,632
313650,698,632
313750,698,632
313852,705,632
313953,730,632
314055,762,632
314155,720,632
314256,694,632
314358,694,632
314459,694,632
314559,694,632
314661,694,632
314762,694,632
314863,694,632
314965,694,632
315065,694,632
315167,694,632
315268,694,632
315369,694,632
315470,694,632
315571,694,632
315672,694,632
315774,694,632
315874,694,632
315976,694,632
316077,694,632
316178,694,632
316280,694,632
316380,694,632
316481,694,632
316583,694,632
316684,694,632
316784,694,632
316886,694,632
316987,694,632
317089,694,632
317189,694,632
317290,694,632
317392,694,632
317493,694,632
317594,694,632
317695,694,632
317796,694,632
317898,694,632
317999,705,632
318099,723,632
318201,700,632
318302,691,632
318403,691,632
318504,691,634
318605,691,638
318707,691,638
318808,691,630
318908,690,609
319010,691,593
319111,691,579
319212,691,558
319314,691,353
319414,691,103
319516,691,11
319617,691,0
319718,691,0
319819,691,0
319920,691,0
320021,691,0
320123,691,0
320223,691,0
320324,691,0
320426,691,0
320527,699,4
320629,735,26
320729,787,60
320830,777,108
320932,702,207
321033,688,393
321133,688,582
321235,688,649
321336,688,651
321438,688,651
321538,688,651
321639,688,651
321741,688,651
321842,688,651
321943,688,651
322044,688,651
322145,688,651
322247,688,651
322348,688,651
322448,688,651
322550,688,651
322651,688,651
322752,688,651
322853,688,651
322954,688,651
323055,688,651
323157,688,651
323258,688,651
323359,688,651
323460,688,651
323561,702,651
323663,742,651
323763,707,651
323864,684,651
323966,684,651
324067,684,651
324168,684,651
324269,684,651
324370,684,651
324472,684,651
324573,684,651
324673,683,651
324775,684,651
324876,684,651
324978,684,651
325078,684,651
325179,684,651
325281,684,651
325382,684,651
325482,684,651
325584,684,651
325685,684,651
325786,684,660
325887,684,675
325988,684,695
326090,684,691
326191,684,727
326292,684,830
326393,685,973
326494,710,1068
326595,732,1100
326697,692,1113
326797,680,1114
326899,680,1068
327000,680,969
327101,680,812
327202,680,673
327303,680,649
327404,680,649
327506,680,649
327607,680,650
327708,680,657
327809,680,682
327910,680,730
328012,680,809
328112,680,945
328213,680,1115
328315,680,1242
328416,680,1337
328516,680,1387
328618,680,1372
328719,680,1195
328821,680,1017
328921,680,751
329022,680,638
329124,680,642
329225,680,646
329326,680,652
329427,680,662
329528,680,687
329630,680,681
329731,680,652
329831,680,646
329933,680,645
330034,680,645
330135,680,648
330236,680,648
330337,680,645
330439,680,645
330540,680,645
330641,680,649
330742,680,657
330843,680,650
330944,680,647
331046,680,646
331146,680,646
331247,680,651
331349,680,650
331450,680,649
331551,680,649
331652,680,649
331753,680,649
331855,680,649
331956,680,649
332056,680,649
332158,680,652
332259,680,666
332361,680,697
332461,680,756
332562,680,826
332664,680,893
332765,680,963
332865,680,1062
332967,680,1183
333068,680,1260
333170,680,1298
333271,680,1338
333371,680,1367
333473,680,1364
333574,680,1323
333675,680,1240
333776,680,1080
333877,680,834
333978,680,682
334080,680,650
334180,680,649
334282,681,649
334383,692,649
334484,735,649
334586,723,649
334686,680,649
334787,677,649
334889,677,649
334990,676,649
335091,676,649
335192,677,649
335293,677,649
335395,677,649
335495,677,649
335596,676,650
335698,676,650
335799,676,649
335900,677,649
336001,676,649
336102,676,649
336204,677,649
336305,677,649
336405,676,649
336507,677,649
336608,677,651
336709,676,651
336810,676,651
336911,676,651
337013,677,651
337114,677,651
337214,677,652
337316,676,658
337417,676,657
337518,677,650
337620,677,651
337720,677,651
337822,676,651
337923,676,653
338024,677,662
338125,682,674
338226,728,692
338327,741,750
338429,684,861
338529,673,1023
338631,673,1207
338732,672,1309
338833,672,1280
338934,672,1235
339035,672,1186
339136,673,894
339238,672,670
339339,673,648
339439,673,648
339541,673,648
339642,673,648
339744,672,648
339844,673,648
339945,672,648
340047,672,648
340148,672,648
340248,672,648
340350,673,649
340451,672,650
340553,673,650
340654,672,650
340754,672,650
340856,673,650
340957,673,650
341058,672,651
341159,673,651
341260,673,651
341362,693,651
341463,739,657
341563,700,655
341665,671,651
341766,670,651
341867,670,651
341968,670,651
342069,670,651
342170,670,651
342272,670,651
342373,670,658
342474,670,671
342575,670,705
342676,670,779
342778,670,894
342878,670,1024
342979,670,1088
343081,670,1108
343182,670,1108
343283,670,1011
343384,670,800
343485,670,675
343587,670,648
343688,670,648
343788,670,648
343890,670,649
343991,670,651
344093,670,650
344193,670,650
344294,672,649
344396,710,650
344497,757,650
344597,692,650
344699,666,650
344800,667,650
344901,667,649
345003,667,650
345103,667,650
345205,667,650
345306,667,650
345407,667,650
345508,667,650
345609,667,650
345710,667,651
345812,667,651
345912,667,651
346014,667,651
346115,667,651
346216,667,651
346318,667,653
346418,667,659
346519,667,651
346621,667,652
346722,667,651
346823,667,652
346924,667,657
347025,667,665
347127,667,664
347227,667,649
347328,667,646
347430,667,650
347531,667,652
347631,667,651
347733,670,651
347834,716,654
347936,808,659
348037,789,654
348137,685,651
348239,663,651
348340,663,651
348441,663,651
348542,663,651
348643,663,652
348745,663,651
348846,663,651
348946,663,651
349048,663,651
349149,663,651
349250,663,656
349352,663,671
349452,663,655
349554,663,649
349655,663,649
349756,663,652
349857,663,656
349958,663,655
350059,663,655
350161,663,665
350261,663,684
350362,663,710
350464,663,732
350565,663,749
350667,663,788
350767,663,870
350868,663,1021
350970,663,1167
351071,663,1205
351171,663,1190
351273,663,1154
351374,663,1067
351476,663,837
351576,663,664
351677,663,645
351779,663,646
351880,663,646
351981,663,646
352082,663,649
352183,663,656
352285,663,664
352386,675,645
352486,705,647
352588,679,647
352689,660,648
352790,660,652
352891,660,659
352992,660,656
353093,660,650
353195,660,651
353295,660,651
353397,660,652
353498,660,657
353599,659,659
353701,660,652
353801,660,651
353902,660,651
354004,660,653
354105,660,655
354206,660,652
354307,660,652
354408,660,660
354510,659,669
354610,660,659
354711,659,649
354813,659,650
354914,660,651
355016,660,651
355116,660,651
355217,659,651
355319,659,660
355420,660,678
355520,660,708
355622,659,768
355723,660,849
355824,659,944
355925,659,948
356026,660,762
356128,660,649
356229,660,652
356329,662,679
356431,686,738
356532,689,910
356633,659,1189
356735,655,1320
356835,655,1290
356937,656,1279
357038,655,1305
357139,655,1261
357240,655,1196
357341,655,1068
357442,655,845
357544,655,689
357644,655,648
357746,655,652
357847,655,653
357948,655,645
358050,655,642
358150,655,646
358251,655,653
358353,655,655
358454,655,674
358554,655,722
358656,655,819
358757,655,965
358859,655,1156
358959,655,1249
359060,656,927
359162,655,659
359263,655,647
359363,660,719
359465,696,856
359566,702,995
359668,660,1079
359769,651,1153
359869,651,1180
359971,651,1036
360072,651,826
360173,651,828
360274,651,914
360375,651,966
360477,651,922
360578,651,747
360678,651,649
360780,651,644
360881,651,646
360982,651,646
361084,651,645
361184,651,646
361285,651,649
361387,651,648
361488,651,647
361589,651,649
361690,651,651
361791,651,651
361893,651,651
361993,651,651
362094,651,651
362196,651,651
362297,651,651
362399,651,651
362499,651,651
362600,651,651
362702,651,651
362803,651,651
362903,651,651
363005,657,658
363106,710,674
363208,771,658
363308,711,648
363409,651,647
363511,647,648
363612,647,650
363712,647,651
363814,647,651
363915,647,651
364016,647,651
364118,647,651
364218,647,651
364320,647,651
364421,647,654
364522,647,662
364623,647,663
364724,647,666
364825,647,662
364927,647,658
365027,647,656
365129,647,653
365230,647,650
365331,647,649
365433,647,651
365533,647,651
365634,647,651
365736,647,651
365837,647,652
365938,647,657
366039,647,654
366140,647,651
366242,647,651
366342,647,651
366443,647,651
366545,647,651
366646,647,651
366746,647,651
366848,647,651
366949,647,654
367051,647,669
367152,647,765
367252,647,837
367354,647,925
367455,647,1049
367556,647,1221
367657,649,1317
367758,678,1097
367860,702,793
367961,659,657
368061,643,627
368163,643,642
368264,643,647
368365,643,648
368466,643,647
368567,643,647
368669,643,648
368770,643,648
368871,643,648
368972,643,648
369073,643,647
369174,643,647
369276,643,648
369376,643,648
369477,643,648
369579,643,648
369680,643,647
369781,643,647
369882,643,647
369983,643,648
370085,643,651
370185,643,649
370286,643,649
370388,643,649
370489,643,649
370591,643,649
370691,643,649
370792,643,649
370894,643,656
370995,643,687
371095,643,782
371197,643,947
371298,643,1168
371400,643,1285
371500,643,976
371601,643,659
371703,643,642
371804,643,646
371904,643,646
372006,643,647
372107,651,650
372208,605,661
372310,337,677
372410,92,683
372512,6,665
372613,0,648
372714,0,646
372815,0,646
372916,0,640
373017,0,639
373119,0,644
373219,0,646
373321,0,648
373422,0,656
373523,0,654
373625,1,647
373725,23,646
373826,83,646
373928,220,646
374029,475,647
374130,674,648
374231,711,648
374332,711,649
374434,711,649
374534,711,649
374635,711,651
374737,710,655
374838,710,657
374938,711,657
375040,711,654
375141,711,651
375243,711,649
375344,711,649
375444,711,649
375546,711,649
375647,711,649
375748,711,649
375849,711,649
375950,711,649
376052,711,649
376153,711,649
376253,711,650
376355,711,651
376456,711,651
376557,711,651
376658,711,651
376759,711,651
376861,711,651
376962,711,653
377063,711,668
377164,711,672
377265,711,669
377366,711,673
377468,711,689
377568,711,733
377669,711,784
377771,711,857
377872,711,912
377973,711,900
378074,711,766
378175,711,649
378277,711,646
378378,711,653
378478,711,706
378580,711,828
378681,711,1032
378783,711,1318
378883,711,1473
378984,711,1177
379086,711,1100
379187,711,931
379287,711,736
379389,714,657
379490,728,647
379592,771,647
379693,853,647
379793,941,647
379895,1030,647
379996,1144,647
380097,1271,647
380198,1196,647
380299,1037,647
380400,857,650
380502,685,681
380602,658,773
380704,700,920
380805,709,986
380906,709,777
381008,709,647
381108,709,643
381209,709,652
381311,709,724
381412,709,846
381513,709,936
381614,709,920
381715,709,869
381817,709,833
381917,709,815
382018,709,1125
382120,709,1485
382221,709,1873
382323,709,2142
382423,709,2015
382524,711,1589
382626,711,1312
382727,711,1130
382827,711,1051
382929,712,1068
383030,712,1055
383132,710,811
383232,711,642
383333,711,642
383435,711,643
383536,711,643
383636,711,643
383738,712,644
383839,711,646
383940,711,651
384042,711,649
384142,711,647
384244,711,647
384345,711,647
384446,711,647
384547,718,647
384648,720,647
384749,711,647
384851,711,647
384951,711,647
385053,711,647
385154,711,649
385255,711,659
385357,711,655
385457,713,646
385558,724,647
385660,733,647
385761,759,647
385861,809,647
385963,904,647
386064,1056,647
386166,1251,647
386266,1357,647
386367,1281,647
386469,1067,647
386570,829,647
386671,667,647
386772,633,647
386873,652,647
386975,699,647
387076,707,648
387176,707,651
387278,708,651
387379,712,651
387480,719,651
387581,731,651
387682,721,651
387784,708,652
387885,707,681
387986,707,727
388087,708,804
388188,709,807
388289,709,686
388391,709,647
388491,709,647
388592,709,647
388694,709,647
388795,709,656
388896,709,694
388997,709,747
389098,709,835
389200,712,987
389300,711,1215
389401,708,1429
389503,709,1518
389604,709,1428
389706,709,1262
389806,710,1133
389907,714,1016
390009,711,830
390110,709,665
390210,709,646
390312,709,647
390413,709,647
390515,709,647
390615,713,647
390716,713,647
390818,711,647
390919,711,647
391020,711,647
391121,711,647
391222,711,648
391324,711,653
391425,711,659
391525,720,655
391627,728,647
391728,745,646
391829,799,647
391930,866,647
392031,928,647
392132,987,647
392234,957,647
392334,842,647
392436,798,647
392537,733,647
392638,705,647
392740,707,647
392840,707,647
392941,707,647
393043,707,647
393144,707,649
393245,707,650
393346,707,650
393447,707,649
393549,707,649
393649,707,649
393750,707,650
393852,707,650
393953,707,650
394053,707,649
394178,707,650
394301,707,650
394427,707,650
394551,707,650
394634,709,650
394728,712,651
394827,708,651
394924,707,651
395022,707,651
395119,707,651
395218,707,651
395315,707,651
395413,707,654
395511,707,689
395609,707,757
395706,710,716
395805,726,651
395902,724,656
396000,710,717
396097,707,833
396196,708,1045
396293,709,1229
396391,709,1440
396489,710,1767
396587,712,1903
396684,711,1698
396784,711,1557
396886,711,1438
396987,711,940
397088,714,656
397189,735,647
397290,728,647
397392,710,647
397493,708,650
397593,708,653
397695,710,649
397796,711,649
397898,711,649
397998,710,649
398099,711,649
398201,711,649
398302,711,649
398402,711,650
398504,711,653
398605,712,660
398707,711,677
398808,711,654
398908,711,645
399010,711,649
399111,711,649
399212,711,649
399313,711,649
399414,711,649
399516,711,649
399617,711,650
399717,711,651
399819,718,651
399920,743,651
400021,819,651
400122,937,651
400223,1072,652
400324,1182,683
400426,1213,768
400527,1155,791
400628,959,680
400729,748,648
400830,748,654
400932,786,669
401032,819,701
401133,909,780
401235,1041,891
401336,1122,1002
401437,939,1151
401538,726,1393
401639,701,1658
401741,707,1664
401841,707,1407
401942,707,1241
402044,708,1192
402145,708,1093
402247,711,914
402347,709,727
402448,707,630
402550,708,644
402651,708,648
402751,715,648
402853,712,649
402954,709,650
403055,709,650
403156,709,649
403257,709,649
403359,709,649
403460,716,649
403560,728,649
403662,713,649
403763,709,650
403864,709,656
403966,709,653
404066,710,649
404168,710,649
404269,709,649
404370,709,649
404471,709,649
404572,709,649
404673,709,649
404775,710,649
404875,711,649
404976,714,649
405078,722,650
405179,715,651
405280,709,651
405381,709,651
405482,709,651
405584,718,652
405685,730,668
405785,715,727
405887,707,809
405988,709,751
406090,711,653
406190,711,658
406291,711,725
406393,711,816
406494,712,949
406594,716,1172
406696,712,1511
406797,711,1863
406899,711,1838
406999,713,1574
407100,725,1455
407202,736,1151
407303,760,714
407404,820,640
407505,901,648
407606,1018,648
407708,1199,648
407809,1325,648
407909,1249,648
408011,1133,648
408112,983,648
408213,748,649
408314,686,650
408415,704,650
408516,707,650
408618,708,649
408718,708,649
408820,708,649
408921,708,649
409022,709,649
409124,708,649
409224,707,649
409325,708,650
409427,708,649
409528,711,650
409629,727,651
409730,722,651
409831,709,651
409933,709,651
410033,709,651
410134,709,657
410236,709,671
410337,709,688
410437,709,776
410539,709,848
410640,709,704
410742,709,643
410843,709,647
410943,709,649
411045,709,679
411146,709,746
411247,709,897
411348,709,1172
411449,709,1512
411551,709,1500
411652,709,1171
411752,712,1137
411854,715,1140
411955,711,945
412056,709,674
412157,709,636
412258,709,649
412360,709,649
412461,710,649
412562,712,649
412663,715,649
412764,720,649
412865,711,649
412967,710,649
413067,711,650
413168,711,654
413270,711,663
413371,719,693
413472,716,761
413573,708,843
413674,709,741
413776,711,646
413876,711,644
413977,713,647
414079,734,677
414180,735,721
414282,710,757
414382,707,791
414483,708,1150
414585,720,1542
414686,734,1773
414786,727,1627
414888,723,1397
414989,725,1125
415091,709,753
415191,708,648
415292,711,648
415394,710,649
415495,713,649
415595,717,649
415697,718,651
415798,738,666
415900,742,683
416000,722,659
416101,708,648
416203,713,650
416304,717,663
416405,706,731
416506,708,864
416607,711,821
416708,711,668
416810,714,651
416910,713,671
417012,712,657
417113,714,644
417214,721,649
417315,748,681
417416,836,915
417517,980,1158
417619,1102,1471
417719,1109,1795
417821,1001,1882
417922,779,1648
418023,696,1353
418124,706,1140
418225,707,984
418326,707,870
418428,707,724
418529,714,646
418629,717,643
418731,710,641
418832,709,642
418934,706,642
419034,706,642
419135,707,642
419237,709,642
419338,709,642
419438,710,642
419540,710,642
419641,709,642
419743,709,644
419843,709,646
419944,713,647
420046,713,648
420147,711,649
420248,711,650
420349,711,650
420450,711,650
420552,711,651
420653,714,665
420753,718,661
420855,714,647
420956,709,649
421057,708,650
421158,711,650
421259,711,651
421360,711,651
421462,711,651
421562,711,651
421664,713,652
421765,712,671
421866,708,711
421968,710,754
422068,711,712
422169,711,651
422271,711,647
422372,711,669
422473,711,750
422574,711,871
422675,711,1021
422777,714,1166
422877,737,1413
422978,830,1703
423080,1080,1816
423181,1306,1646
423282,1208,1387
423383,994,810
423484,774,654
423586,700,647
423687,705,647
423787,707,647
423889,707,647
423990,707,647
424092,707,647
424192,707,649
424293,707,649
424395,707,649
424496,707,649
424596,707,649
424698,707,649
424799,707,649
424900,707,649
425001,709,649
425102,709,652
425204,709,652
425305,709,649
425405,711,649
425507,711,649
425608,711,649
425709,711,649
425811,711,649
425911,714,650
426013,720,651
426114,714,651
426215,711,651
426316,711,651
426417,714,651
426518,713,651
426620,710,651
426720,711,651
426821,711,651
426923,711,651
427024,711,651
427125,712,651
427226,731,651
427327,779,651
427429,850,651
427530,995,651
427630,1224,651
427732,1378,651
427833,1245,651
427935,1091,651
428035,809,651
428136,656,651
428238,687,651
428339,706,651
428439,706,651
428541,706,651
428642,706,651
428744,710,651
428844,714,651
428945,706,651
429047,706,651
429148,706,651
429249,706,651
429350,708,651
429451,710,651
429552,708,651
429654,708,651
429754,708,651
429856,708,651
429957,708,651
430058,708,651
430159,708,651
430260,709,651
430361,719,651
430463,726,651
430563,713,651
430665,708,651
430766,709,652
430867,711,667
430969,711,677
431069,711,661
431170,711,616
431272,711,402
431373,711,74
431474,711,0
431575,711,0
431676,714,0
431778,715,0
431878,711,0
431979,711,0
432081,713,0
432182,728,0
432282,767,0
432384,852,0
432485,995,0
432587,1169,0
432688,1223,0
432788,1192,0
432890,1134,0
432991,836,0
433092,674,0
433193,701,0
433294,708,0
433396,708,0
433497,708,0
433597,708,0
433699,708,0
433800,708,0
433901,708,0
434002,708,0
434103,708,0
434205,708,0
434306,708,0
434407,708,0
434508,708,0
434609,708,0
434710,710,0
434812,709,0
434912,708,0
435013,708,0
435115,708,0
435216,708,0
435317,708,0
435418,708,0
435519,708,0
435621,708,0
435721,709,0
435822,709,0
435924,709,0
436025,709,0
436126,709,0
436227,709,0
436328,709,0
436430,709,0
436531,710,0
436631,711,0
436733,711,0
436834,711,0
436936,711,0
437036,711,0
437137,711,0
437239,716,0
437340,715,0
437440,711,0
437542,711,0
437643,711,0
437744,711,0
437845,712,0
437946,716,0
438048,712,0
438149,711,0
438250,711,0
438351,711,0
438452,711,0
438553,711,0
438655,711,0
438755,712,0
438857,724,0
438958,731,0
439059,770,0
439160,892,0
439261,1062,0
439362,1150,0
439464,1052,0
439564,996,0
439666,856,0
439767,714,0
439868,706,0
439969,707,0
440070,707,0
440171,707,0
440273,707,0
440374,707,0
440474,707,0
440576,707,0
440677,707,0
440779,707,0
440879,707,0
440980,707,0
441082,707,0
441183,707,0
441283,708,0
441385,709,0
441486,709,0
441588,709,0
441688,709,0
441789,709,0
441891,709,0
441992,709,0
442093,709,0
442194,709,0
442295,709,0
442397,709,0
442498,709,0
442598,709,0
442700,709,0
442801,708,0
442902,709,0
443003,709,0
443104,709,0
443205,710,0
443307,711,0
443407,711,0
443509,711,0
443610,711,0
443711,711,0
443813,711,0
443913,714,0
444014,712,0
444116,707,0
444217,708,0
444318,713,0
444419,710,0
444520,708,0
444622,710,0
444722,711,0
444823,711,0
444925,711,0
445026,711,0
445127,712,0
445228,714,0
445329,723,0
445431,767,0
445531,863,0
445632,1040,0
445734,1245,0
445835,1285,0
445935,1097,0
446037,834,0
446138,713,0
446240,702,0
446341,706,0
446441,706,0
446543,706,0
446644,706,0
446745,706,0
446846,707,0
446947,710,0
447049,710,0
447150,707,0
447250,706,0
447352,706,0
447453,708,0
447554,711,0
447655,709,0
447756,709,0
447858,709,0
447959,709,0
448059,709,0
448161,709,0
448262,714,0
448363,713,0
448465,711,0
448565,711,0
448666,711,0
448768,711,0
448869,711,0
448970,711,0
449071,712,0
449172,722,0
449274,731,0
449374,716,0
449475,711,0
449577,711,0
449678,711,0
449779,715,0
449880,745,0
449981,776,0
450083,744,0
450183,710,0
450284,706,0
450386,710,0
450487,711,0
450589,711,0
450689,711,0
450790,711,0
450892,711,0
450993,711,0
451093,711,0
451195,715,0
451296,725,0
451397,741,0
451498,807,0
451599,952,0
451701,1136,0
451802,1136,0
451902,980,0
452004,922,0
452105,864,0
452206,751,0
452307,720,0
452408,737,0
452510,733,0
452611,767,0
452711,820,0
452813,850,0
452914,789,0
453015,715,0
453117,706,0
453217,707,0
453319,707,0
453420,707,0
453521,707,0
453622,713,0
453723,727,0
453824,719,0
453926,705,0
454026,705,0
454127,706,0
454229,709,0
454330,713,0
454431,710,0
454532,709,0
454633,710,0
454735,720,0
454835,730,0
454936,711,0
455038,707,0
455139,707,0
455241,709,0
455341,710,0
455442,708,0
455544,708,0
455645,709,0
455745,710,0
455847,711,0
455948,711,0
456050,711,0
456150,711,0
456251,711,0
456353,711,0
456454,711,0
456554,711,0
456656,711,0
456757,711,0
456858,711,0
456959,711,0
457060,715,0
457162,715,0
457263,713,0
457364,717,0
457465,721,0
457566,720,0
457667,716,0
457769,708,0
457869,708,0
457971,710,0
458072,711,0
458173,711,0
458274,711,0
458375,711,0
458476,714,0
458578,728,0
458678,723,0
458780,708,0
458881,707,0
458982,707,0
459083,710,0
459184,722,0
459285,732,0
459387,718,0
459487,709,0
459588,715,0
459690,720,0
459791,716,0
459893,722,0
459993,745,0
460094,767,0
460196,794,0
460297,871,0
460397,972,0
460499,1137,0
460600,1286,0
460702,1203,0
460802,1050,0
460903,866,0
461005,697,0
461106,700,0
461206,706,0
461308,707,0
461409,707,0
461511,716,0
461611,723,0
461712,709,0
461814,706,0
461915,707,0
462015,708,0
462117,717,0
462218,713,0
462319,709,0
462421,709,0
462521,709,0
462623,709,0
462724,709,0
462825,709,0
462926,709,0
463027,709,0
463128,709,0
463230,709,0
463330,709,0
463432,709,0
463533,709,0
463634,709,0
463735,709,0
463836,709,0
463937,711,0
464039,709,0
464139,709,0
464240,709,0
464342,710,0
464443,710,0
464544,709,0
464645,709,0
464746,710,0
464848,710,0
464949,714,0
465049,717,0
465151,711,0
465252,711,0
465354,711,0
465454,711,0
465555,711,0
465657,711,0
465758,716,0
465858,725,0
465960,712,0
466061,707,0
466163,707,0
466263,710,0
466364,711,0
466466,711,0
466567,711,0
466667,711,0
466769,716,0
466870,723,0
466972,711,0
467073,707,0
467173,710,0
467275,711,0
467376,717,0
467477,733,0
467578,734,0
467679,719,0
467780,711,0
467882,707,0
467982,706,0
468084,707,0
468185,707,0
468286,710,0
468387,723,0
468488,736,0
468589,722,0
468691,718,0
468791,720,0
468893,711,0
468994,711,0
469095,711,0
469196,709,0
469297,708,0
469398,711,0
469500,722,0
469601,724,0
469701,709,0
469803,707,0
469904,708,0
470006,718,0
470106,737,0
470207,769,0
470309,812,0
470410,891,0
470510,1032,0
470612,1204,0
470713,1413,0
470815,1538,0
470915,1515,0
471016,1220,0
471118,797,0
471219,692,0
471319,706,0
471421,707,0
471522,707,0
471624,717,0
471725,722,0
471825,707,0
471927,707,0
472028,708,0
472129,717,0
472230,715,0
472331,710,0
472432,709,0
472534,710,0
472634,709,0
472736,709,0
472837,710,0
472938,709,0
473039,709,0
473140,709,0
473241,709,0
473343,709,0
473443,710,0
473545,712,0
473646,724,0
473747,745,0
473849,717,0
473949,704,0
474050,709,0
474152,708,0
474253,707,0
474354,707,0
474455,708,0
474556,709,0
474658,722,0
474758,717,0
474859,714,0
474961,710,0
475062,710,0
475162,711,0
475264,711,0
475365,711,0
475467,711,0
475567,711,0
475668,711,0
475770,711,0
475871,711,0
475971,715,0
476073,717,0
476174,710,0
476276,711,0
476377,711,0
476477,711,0
476579,711,0
476680,711,0
476781,714,0
476882,719,0
476983,720,0
477085,711,0
477186,710,0
477286,711,0
477388,711,0
477489,711,0
477590,711,0
477691,711,0
477792,711,0
477893,711,0
477995,711,0
478095,711,0
478197,711,0
478298,711,0
478399,717,0
478501,747,0
478601,802,0
478702,963,0
478804,1281,0
478905,1443,0
479006,1127,0
479107,971,0
479208,950,0
479310,741,0
479410,693,0
479511,707,0
479613,707,0
479714,707,0
479815,719,0
479916,720,0
480017,709,0
480119,709,0
480219,709,0
480320,709,0
480422,710,0
480523,708,0
480623,709,0
480725,713,0
480826,729,0
480928,742,0
481029,720,0
481129,706,0
481231,710,0
481332,713,0
481433,710,0
481534,709,0
481635,715,0
481737,730,0
481838,716,0
481938,710,0
482040,711,0
482141,711,0
482242,711,0
482343,711,0
482444,712,0
482546,712,0
482647,712,0
482747,711,0
482849,711,0
482950,711,0
483051,711,0
483153,713,0
483253,728,0
483354,732,0
483456,723,0
483557,711,0
483658,711,0
483759,725,0
483860,721,0
483962,709,0
484062,708,0
484163,710,0
484265,711,0
484366,714,0
484467,717,0
484568,714,0
484669,711,0
484771,711,0
484871,711,0
484972,711,0
485074,715,0
485175,714,0
485276,708,0
485377,710,0
485478,711,0
485580,711,0
485681,711,0
485781,711,0
485883,711,0
485984,713,0
486085,741,0
486186,817,0
486287,978,0
486389,1195,0
486490,1235,0
486590,1154,0
486692,1021,0
486793,758,0
486894,693,0
486995,706,0
487096,706,0
487198,706,0
487299,711,0
487399,714,0
487501,707,0
487602,706,0
487703,706,0
487804,709,0
487905,717,0
488007,718,0
488108,716,0
488209,712,0
488310,718,0
488411,725,0
488512,713,0
488614,710,0
488714,711,0
488815,710,0
488917,711,0
489018,711,0
489119,711,0
489220,711,0
489321,711,0
489423,718,0
489523,720,0
489624,711,0
489726,711,0
489827,711,0
489928,711,0
490029,711,0
490130,713,0
490232,711,0
490332,711,0
490433,711,0
490535,711,0
490636,711,0
490738,711,0
490838,711,0
490939,716,0
491041,760,0
491142,911,0
491242,1173,0
491344,1335,0
491445,1195,0
491546,1037,0
491647,811,0
491748,705,0
491850,706,0
491951,707,0
492051,707,0
492153,708,0
492254,718,0
492355,714,0
492456,706,0
492557,707,0
492659,708,0
492760,718,0
492861,719,0
492962,716,0
493063,717,0
493164,715,0
493266,711,0
493366,713,0
493468,721,0
493569,712,0
493670,708,0
493771,709,0
493872,711,0
493973,714,0
494075,714,0
494175,710,0
494276,709,0
494378,709,0
494479,712,0
494580,714,0
494681,714,0
494782,712,0
494884,711,0
494985,711,0
495085,711,0
495187,711,0
495288,711,0
495390,711,0
495490,711,0
495591,711,0
495693,711,0
495794,717,0
495894,730,0
495996,722,0
496097,710,0
496199,707,0
496299,712,0
496400,725,0
496502,717,0
496603,724,0
496704,720,0
496805,711,0
496906,710,0
497007,710,0
497109,719,0
497209,729,0
497311,732,0
497412,724,0
497513,709,0
497614,711,0
497715,712,0
497816,715,0
497918,716,0
498019,710,0
498120,713,0
498221,722,0
498322,722,0
498424,726,0
498524,756,0
498625,789,0
498727,779,0
498828,735,0
498953,724,0
499098,699,0
499224,693,0
499349,711,0
499434,733,0
499536,759,0
499637,767,0
499737,762,0
499839,788,0
499940,880,0
500042,961,0
500143,1044,0
500243,1173,0
500345,1207,0
500446,1167,0
500547,1108,0
500648,946,0
500749,719,0
500851,693,0
500952,707,0
501052,707,0
501154,707,0
501255,712,0
501356,716,0
501457,710,0
501558,709,0
501660,709,0
501761,709,0
501861,709,0
501963,709,0
502064,709,0
502165,709,0
502267,709,0
502367,709,0
502468,709,0
502570,709,0
502671,709,0
502772,709,0
502873,709,0
502974,709,0
503076,709,0
503176,709,0
503277,710,0
503379,710,0
503480,711,0
503581,711,0
503682,711,0
503783,711,0
503885,711,0
503985,715,0
504086,721,0
504188,716,0
504289,709,0
504389,707,0
504491,709,0
504592,720,0
504694,724,0
504795,735,0
504895,728,0
504997,707,0
505098,708,0
505199,713,0
505300,745,0
505401,822,0
505503,918,0
505604,1031,0
505704,1214,0
505806,1352,0
505907,1227,0
506008,1109,0
506109,1046,0
506210,985,0
506312,940,0
506413,774,0
506513,662,0
506615,698,0
506716,707,0
506817,707,0
506919,707,0
507019,707,0
507120,708,0
507222,708,0
507323,707,0
507424,707,0
507525,707,0
507626,708,0
507728,712,0
507828,711,0
507929,709,0
508031,709,0
508132,709,0
508233,709,0
508334,709,0
508435,709,0
508537,709,0
508637,709,0
508738,709,0
508840,709,0
508941,709,0
509043,709,0
509143,709,0
509244,709,0
509346,709,0
509447,709,0
509547,709,0
509649,709,0
509750,709,0
509852,709,0
509952,710,0
510053,713,0
510155,710,0
510256,710,0
510356,711,0
510458,711,0
510559,711,0
510660,715,0
510761,721,0
510862,713,0
510964,711,0
511065,711,0
511166,711,0
511267,711,0
511368,711,0
511469,711,0
511571,711,0
511671,711,0
511773,711,0
511874,728,0
511975,765,0
512076,806,0
512177,932,0
512278,1142,0
512380,1306,0
512480,1212,0
512581,1056,0
512683,1026,0
512784,796,0
512885,686,0
512986,705,0
513087,707,0
513189,707,0
513290,707,0
513390,708,0
513492,707,0
513593,707,0
513695,707,0
513795,707,0
513896,709,0
513998,709,0
514099,709,0
514199,709,0
514301,709,0
514402,709,0
514504,709,0
514604,711,0
514705,712,0
514807,710,0
514908,711,0
515009,711,0
515110,711,0
515211,711,0
515312,711,0
515414,711,0
515514,711,0
515616,711,0
515717,711,0
515818,711,0
515919,711,0
516020,711,0
516121,711,0
516223,711,0
516323,711,0
516425,711,0
516526,711,0
516627,711,0
516728,711,0
516829,711,0
516930,711,0
517032,711,0
517133,711,0
517234,711,0
517335,711,0
517436,711,0
517538,711,0
517638,711,0
517739,711,0
517841,711,0
517942,711,0
518042,711,0
518144,711,0
518245,711,0
518347,711,0
518447,711,0
518548,711,0
518650,711,0
518751,711,0
518852,711,0
518953,711,0
519054,711,0
519156,711,0
519257,711,0
519357,711,0
519459,711,0
519560,711,0
519661,711,0
519762,711,0
519863,711,0
519965,711,0
520066,711,0
520166,711,0
520268,711,0
520369,711,0
520470,711,0
520571,711,0
520672,711,0
520773,711,0
520875,711,0
520976,711,0
521077,711,0
521178,711,0
521279,711,0
521381,711,0
521481,711,0
521582,711,0
521684,711,0
521785,711,0
521886,711,0
521987,711,0
522088,711,0
522190,711,0
522290,711,0
522391,711,0
522493,711,0
522594,711,0
522695,711,0
522796,711,0
522897,711,0
522999,711,0
523100,711,0
523200,711,0
523302,711,0
523403,711,0
523504,711,0
523605,710,0
523706,711,0
523808,711,0
523909,711,0
524009,711,0
524111,711,0
524212,711,0
524313,711,0
524414,711,0
524515,711,0
524617,711,0
524718,711,0
524819,711,0
524920,711,0
525021,711,0
525122,711,0
525224,711,0
525324,711,0
525426,712,0
525527,722,0
525628,729,0
525729,736,0
525830,437,0
525931,54,0
526033,0,0
526133,0,0
526234,0,0
526336,0,0
526437,0,0
526539,0,0
526639,0,0
526740,0,0
526842,0,0
526943,0,0
527043,0,0
527145,0,0
527246,0,0
527348,0,0
527448,0,0
527549,0,0
527651,0,0
527752,0,0
527852,0,0
527954,0,0
528055,0,0
528157,0,0
528258,0,0
528358,0,0
528460,0,0
528561,0,0
528662,0,0
528763,0,0
528864,0,0
528965,0,0
529067,0,0
529167,0,0
529269,0,0
529370,0,0
529471,0,0
529572,0,0
529673,0,0
529774,0,0
529876,0,0
529976,0,0
530078,0,0
530179,0,0
530280,0,0
530382,0,0
530482,0,0
530583,0,0
530685,0,0
530786,0,0
530887,0,0
530988,0,0
531089,0,0
531191,0,0
531291,0,0
531392,0,0
531494,0,0
531595,0,0
531695,0,0
531797,0,0
531898,0,0
532000,0,0
532100,0,0
532201,0,0
532303,0,0
532404,0,0
532504,0,0
532606,0,0
532707,0,0
532809,0,0
532910,0,0
533010,0,0
533112,0,0
533213,0,0
533314,0,0
533415,0,0
533516,0,0
533618,0,0
533719,0,0
533819,0,0
533921,0,0
534022,0,0
534123,0,0
534224,0,0
534325,0,0
534426,0,0
534528,0,0
534628,0,0
534730,0,0
534831,0,0
534932,0,0
535034,0,0
535134,0,0
535235,0,0
535337,0,0
535438,0,0
535539,0,0
535640,0,0
535741,0,0
535843,0,0
535943,0,0
536044,0,0
536146,0,0
536247,0,0
536348,0,0
536449,0,0
536550,0,0
536652,0,0
536752,0,0
536853,0,0
536955,0,0
537056,0,0
537156,0,0
537258,0,0
537359,0,0
537461,0,0
537562,0,0
537662,0,0
537764,0,0
537865,0,0
537966,0,0
538067,0,0
538168,0,0
538270,0,0
538371,0,0
538471,0,0
538573,0,0
538674,0,0
538775,0,0
538876,0,0
538977,0,0
539079,0,0
539180,0,0
539280,0,0
539382,0,0
539483,0,0
539584,0,0
539686,0,0
539786,0,0
539887,0,0
539989,0,0
540090,0,0
540191,0,0
540292,0,0
540393,0,0
540495,0,0
540595,0,0
540696,0,0
540798,0,0
540899,0,0
541000,0,0
541101,0,0
541202,0,0
541304,0,0
541404,0,0
541505,0,0
541607,0,0
541708,0,0
541808,0,0
541910,0,0
542011,0,0
542113,0,0
542214,0,0
542314,0,0
542416,0,0
542517,0,0
542618,0,0
542719,0,0
542820,0,0
542922,0,0
543023,0,0
543123,0,0
543225,0,0
543326,0,0
543427,0,0
543528,0,0
543629,0,0
543731,0,0
543832,0,0
543932,0,0
544034,0,0
544135,0,0
544236,0,0
544338,0,0
544438,0,0
544540,0,0
544641,0,0
544742,0,0
544843,0,0
544944,0,0
545045,0,0
545147,0,0
545247,0,0
545348,0,0
545450,0,0
545551,0,0
545652,0,0
545753,0,0
545854,0,0
545956,0,0
546056,0,0
546157,0,0
546259,0,0
546360,0,0
546461,0,0
546562,0,0
546663,0,0
546765,0,0
546866,0,0
546966,0,0
547068,0,0
547169,0,0
547271,0,0
547371,0,0
547472,0,0
547574,0,0
547675,0,0
547775,0,0
547877,0,0
547978,0,0
548079,0,0
548180,0,0
548281,0,0
548383,0,0
548484,0,0
548584,0,0
548686,0,0
548787,0,0
548888,0,0
548989,0,0
549090,0,0
549192,0,0
549293,0,0
549394,0,0
549495,0,0
549596,0,0
549697,0,0
549799,0,0
549899,0,0
550000,0,0
550102,0,0
550203,0,0
550304,0,0
550405,0,0
550506,0,0
550608,0,0
550708,0,0
550809,0,0
550911,0,0
551012,0,0
551113,0,0
551214,0,0
551315,0,0
551417,0,0
551517,0,0
551618,0,0
551720,0,0
551821,0,0
551923,0,0
552023,0,0
552124,0,0
552226,0,0
552327,0,0
552427,0,0
552529,0,0
552630,0,0
552732,0,0
552832,0,0
552933,0,0
553035,0,0
553136,0,0
553236,0,0
553338,0,0
553439,0,0
553540,0,0
553641,0,0
553742,0,0
553844,0,0
553945,0,0
554045,0,0
554147,0,0
554248,0,0
554349,0,0
554450,0,0
554551,0,0
554653,0,0
554754,0,0
554855,0,0
554956,0,0
555057,0,0
555158,0,0
555260,0,0
555360,0,0
555461,0,0
555563,0,0
555664,0,0
555765,0,0
555866,0,0
555967,0,0
556069,0,0
556169,0,0
556270,0,0
556372,0,0
556473,0,0
556574,0,0
556675,0,0
556776,0,0
556878,0,0
556978,0,0
557079,0,0
557181,0,0
557282,0,0
557383,0,0
557484,0,0
557585,0,0
557687,0,0
557788,0,0
557888,0,0
557990,0,0
558091,0,0
558192,0,0
558293,0,0
558394,0,0
558496,0,0
558597,0,0
558697,0,0
558799,0,0
558900,0,0
559001,0,0
559102,0,0
559203,0,0
559305,0,0
559406,0,0
559506,0,0
559608,0,0
559709,0,0
559810,0,0
559911,0,0
560012,0,0
560114,0,0
560215,0,0
560316,0,0
560417,0,0
560518,0,0
560619,0,0
560721,0,0
560821,0,0
560922,0,0
561024,0,0
561125,0,0
561226,0,0
561327,0,0
561428,33,0
561530,155,0
561630,396,0
561731,604,0
561833,646,0
561934,651,0
562035,650,0
562136,648,0
562237,647,0
562339,647,0
562440,647,0
562540,647,0
562642,647,0
562743,648,0
562845,653,0
562945,655,0
563046,654,0
563148,652,0
563249,651,0
563349,651,0
563451,650,0
563552,649,0
563653,649,0
563754,648,0
563855,651,0
563957,656,0
564058,656,0
564158,656,0
564260,655,0
564361,655,0
564462,654,0
564564,653,0
564664,652,0
564766,652,0
564867,652,0
564968,651,0
565069,651,0
565170,650,0
565271,650,0
565373,649,0
565473,649,0
565575,649,0
565676,649,0
565777,648,0
565878,648,0
565979,648,0
566080,648,0
566182,647,0
566282,647,14
566383,648,52
566485,650,109
566586,650,214
566687,651,387
566788,653,641
566889,655,709
566991,655,713
567092,654,712
567192,654,711
567294,653,709
567395,653,708
567497,653,707
567597,652,706
567698,652,705
567800,652,704
567901,651,703
568001,651,703
568103,651,702
568204,651,702
568306,650,701
568406,650,701
568507,650,701
568609,650,701
568710,650,700
568810,649,700
568912,649,700
569013,649,700
569114,649,699
569215,649,699
569316,649,699
569418,648,699
569519,648,699
569620,648,699
569721,648,699
569822,648,699
569923,648,698
570025,648,698
570125,648,698
570227,648,698
570328,647,698
570429,647,698
570530,647,698
570631,647,698
570732,647,698
570834,647,698
570934,647,698
571036,647,698
571137,646,698
571238,646,697
571339,646,697
571440,646,697
571541,646,697
571643,646,697
571743,646,697
571844,646,697
571946,646,697
572047,646,697
572148,646,697
572249,646,697
572350,645,697
572452,645,697
572553,645,697
572653,645,697
572755,645,696
572856,645,697
572958,645,697
573058,645,696
573159,645,697
573261,645,696
573362,645,696
573462,645,696
573564,645,696
573665,645,696
573767,645,696
573867,645,696
573968,645,696
574070,645,696
574171,645,696
574271,645,696
574373,645,696
574474,645,696
574575,645,696
574676,645,696
574777,644,696
574879,644,696
574980,644,696
575081,644,696
575182,644,696
575283,644,696
575384,644,696
575486,644,696
575586,644,696
575688,644,696
575789,644,696
575890,644,696
575991,644,696
576092,644,696
576193,644,696
576295,644,695
576395,644,696
576496,644,695
576598,644,695
576699,644,695
576800,644,695
576901,644,695
577002,644,695
577104,644,695
577205,644,695
577305,644,695
577407,644,695
577508,644,695
577610,644,695
577710,644,695
577811,644,695
577913,644,695
578014,644,695
578114,644,695
578216,644,695
578317,644,695
578419,644,695
578519,644,695
578620,644,695
578722,644,695
578823,644,695
578923,644,695
579025,644,695
579126,644,695
579228,644,695
579329,644,695
579429,644,695
579531,644,695
579632,644,695
579733,644,695
579834,644,695
579935,644,695
580036,644,695
580138,644,695
580238,644,695
580340,644,695
580441,644,695
580542,644,695
580643,644,695
580744,644,695
580845,644,695
580947,644,695
581048,644,695
581149,644,695
581250,644,695
581351,644,695
581453,644,695
581553,644,695
581654,644,695
581756,644,695
581857,644,695
581957,643,694
582059,643,695
582160,644,694
582262,643,694
582362,643,695
582463,643,695
582565,643,694
582666,643,694
582766,643,695
582868,643,695
582969,643,694
583071,643,694
583172,643,694
583272,643,694
583374,643,694
583475,643,694
583576,643,694
583677,643,694
583778,643,694
583880,643,694
583981,643,694
584081,643,694
584183,643,694
584284,643,694
584385,643,694
584486,643,694
584587,643,694
584688,643,694
584790,643,694
584890,643,694
584992,643,694
585093,644,694
585194,647,695
585296,648,697
585396,649,699
585497,649,699
585599,649,699
585700,649,699
585801,649,699
585902,648,699
586003,648,698
586105,648,698
586205,648,698
586306,648,698
586408,647,698
586509,647,698
586610,647,698
586711,647,698
586812,647,698
586914,647,698
587014,647,698
587115,647,697
587217,646,697
587318,646,697
587418,646,697
587520,646,697
587621,646,697
587723,646,697
587824,646,697
587924,646,697
588026,646,697
588127,646,697
588228,646,697
588329,646,697
588430,645,697
588532,645,697
588633,645,697
588733,645,697
588835,645,697
588936,645,696
589037,645,696
589138,645,696
589239,645,696
589341,645,696
589442,645,696
589542,645,696
589644,645,696
589745,645,696
589846,645,696
589948,645,696
590048,645,696
590149,645,696
590251,644,696
590352,644,696
590453,644,696
590554,644,696
590655,644,696
590757,644,696
590857,644,696
590958,644,696
591060,644,696
591161,644,696
591262,644,695
591363,644,695
591464,644,695
591566,644,695
591667,644,695
591767,644,695
591869,644,695
591970,644,695
592072,644,695
592172,644,695
592273,644,695
592375,644,695
592476,644,695
592576,644,695
592678,644,695
592779,644,695
592880,644,695
592981,644,695
593082,643,695
593184,644,695
593285,643,695
593385,643,695
593487,643,695
593588,643,695
593689,643,695
593791,643,695
593891,643,695
593993,643,695
594094,643,695
594195,643,695
594296,643,695
594397,643,695
594498,643,694
594600,643,694
594700,643,694
594802,644,695
594903,647,697
595004,651,700
595105,652,700
595206,651,700
595307,651,700
595409,650,700
595510,650,700
595610,650,700
595712,650,699
595813,650,699
595915,649,699
596015,649,699
596116,649,699
596218,649,699
596319,649,699
596419,649,699
596521,649,699
596622,648,699
596724,648,699
596824,648,699
596925,648,699
597027,648,699
597128,648,699
597228,648,699
597330,648,698
597431,648,698
597533,648,698
597634,647,698
597734,647,698
597836,647,698
597937,647,698
598038,647,698
598139,647,698
598240,647,698
598341,647,698
598443,647,698
598543,647,698
598645,647,698
598746,647,698
598847,647,698
598948,647,698
599049,647,698
599150,647,698
599252,646,698
599352,646,698
599454,646,698
599555,646,698
599656,646,698
599757,646,698
599858,646,698
599959,646,698
600061,646,697
600162,646,697
600263,646,698
600364,646,697
600465,646,697
600567,646,697
600667,646,697
600768,646,697
600870,646,697
600971,646,697
601071,646,697
601173,646,697
601274,646,697
601376,646,697
601476,645,697
601577,645,697
601679,645,697
601780,645,697
601880,645,697
601982,645,697
602083,645,697
602185,645,697
602286,645,697
602386,645,697
602488,645,697
602589,645,697
602690,645,697
602791,645,697
602892,645,697
602994,645,696
603095,645,697
603195,645,697
603297,645,696
603398,645,696
603499,645,696
603600,645,696
603701,645,696
603802,645,696
603904,645,696
604004,645,696
604106,645,696
604207,645,696
604308,645,696
604410,645,696
604510,645,696
604611,644,696
604713,644,696
604814,644,696
604915,644,696
605016,644,696
605117,644,696
605219,644,696
605319,644,696
605420,644,696
605522,644,696
605623,644,696
605724,644,696
605825,644,696
605926,644,696
606028,644,696
606128,644,696
606229,644,696
606331,644,696
606432,644,696
606532,644,696
606634,644,696
606735,644,696
606837,644,696
606938,644,696
607038,644,696
607140,644,695
607241,644,695
607342,644,695
607443,644,695
607544,644,695
607646,644,695
607747,644,695
607847,644,695
607949,644,695
608050,644,695
608151,644,695
608252,644,695
608353,644,695
608478,644,695
608602,644,695
608727,644,695
608851,644,695
608935,644,695
608981,644,695
609079,644,695
609176,643,695
609275,644,695
609372,643,695
609470,643,695
609568,643,695
609668,643,695
609769,643,695
609871,643,695
609971,643,695
610072,643,695
610174,643,695
610275,643,695
610376,643,695
610477,643,695
610578,643,695
610680,643,695
610780,643,695
610881,643,695
610983,643,695
611084,643,695
611184,643,695
611286,643,695
611387,643,695
611489,643,695
611590,643,695
611690,643,695
611792,643,695
611893,643,695
611994,643,694
612095,643,695
612196,643,695
612298,643,694
612399,643,694
612499,643,694
612601,643,694
612702,643,694
612803,643,694
612904,643,694
613005,643,694
613107,643,694
613208,643,694
613309,643,694
613410,643,694
613511,643,694
613612,643,694
613714,643,694
613814,643,694
613916,643,694
614017,643,694
614118,643,694
614219,643,694
614320,643,694
614421,643,694
614523,643,694
614623,643,694
614724,643,694
614826,643,694
614927,643,694
615028,643,694
615129,643,694
615230,643,694
615332,643,694
615433,643,694
615533,643,694
615635,643,694
615736,643,694
615838,643,694
615938,643,694
616039,642,694
616141,642,694
616242,642,694
616342,642,694
616444,642,694
616545,642,694
616647,642,694
616747,642,694
616848,642,694
616950,642,694
617051,642,694
617152,642,694
617253,642,694
617354,642,694
617455,645,694
617557,649,694
617657,648,695
617759,645,695
617860,645,695
617961,645,695
618062,645,695
618163,644,695
618264,644,695
618366,644,695
618466,644,695
618568,644,695
618669,644,695
618770,644,695
618871,644,695
618972,644,695
619073,644,695
619175,644,695
619276,644,695
619376,644,695
619478,644,695
619579,644,695
619681,644,695
619781,644,695
619882,644,695
619984,644,695
620085,644,695
620185,644,695
620287,644,695
620388,644,695
620490,644,695
620590,644,695
620691,644,695
620793,644,695
620894,644,695
620994,645,695
621096,646,696
621197,646,697
621299,647,697
621399,648,697
621500,648,698
621602,648,698
621703,648,698
621804,648,698
621905,648,698
622006,647,698
622108,647,698
622209,647,698
622309,647,697
622411,647,698
622512,647,698
622613,647,697
622714,647,697
622815,649,698
622916,651,698
623018,652,699
623118,651,699
623220,651,699
623321,651,699
623422,651,699
623523,651,699
623624,651,699
623725,652,699
623827,653,699
623927,654,699
624029,654,699
624130,654,699
624231,653,699
624333,653,699
624433,653,699
624534,652,699
624636,652,699
624737,652,699
624837,652,699
624939,652,699
625040,652,699
625142,652,699
625242,652,699
625343,651,699
625445,651,698
625546,651,698
625646,651,698
625748,651,698
625849,651,698
625951,651,698
626051,651,698
626152,651,698
626254,651,698
626355,651,698
626455,650,698
626557,650,698
626658,650,698
626760,650,698
626860,650,698
626961,650,698
627063,650,698
627164,650,698
627265,650,698
627366,650,698
627467,650,698
627568,650,698
627670,650,698
627770,650,698
627872,650,698
627973,649,698
628074,649,698
628175,649,698
628276,649,698
628377,649,698
628479,649,698
628579,649,698
628681,649,698
628782,649,698
628883,649,698
628984,649,698
629085,655,698
629186,668,698
629288,665,698
629388,662,698
629490,657,698
629591,656,698
629692,655,698
629794,655,697
629894,655,697
629995,654,697
630097,654,697
630198,654,697
630298,654,697
630400,653,697
630501,653,697
630603,653,697
630703,653,697
630804,653,697
630906,653,697
631007,652,697
631107,652,697
631209,652,697
631310,652,697
631412,652,697
631512,652,697
631613,652,697
631715,652,697
631816,652,697
631916,652,697
632018,656,697
632119,651,697
632221,649,697
632322,648,697
632422,648,697
632524,648,697
632625,648,697
632726,648,697
632827,648,697
632928,648,697
633029,648,697
633131,648,697
633231,647,697
633333,647,697
633434,647,697
633535,647,697
633636,647,697
633737,647,697
633838,647,697
633940,647,697
634040,647,697
634142,647,697
634243,647,697
634344,647,697
634446,647,697
634546,647,697
634647,652,697
634749,659,697
634850,652,697
634951,651,697
635052,651,697
635153,651,697
635255,651,697
635355,650,697
635456,650,697
635558,650,697
635659,650,697
635759,649,697
635861,649,696
635962,649,697
636064,649,697
636164,649,697
636265,649,697
636367,649,697
636468,648,697
636568,648,696
636670,648,696
636771,648,696
636873,648,696
636974,648,696
637074,648,696
637176,648,696
637277,648,696
637378,648,696
637479,647,696
637580,647,696
637682,649,696
637783,653,696
637883,649,696
637985,645,696
638086,645,696
638187,645,696
638288,645,696
638389,645,696
638490,645,696
638592,645,696
638692,645,696
638794,645,696
638895,644,696
638996,644,696
639097,644,696
639198,644,696
639299,644,696
639401,644,696
639501,644,696
639603,644,696
639704,644,696
639805,644,696
639907,644,696
640007,644,696
640108,644,696
640210,644,696
640311,644,696
640412,644,696
640513,644,696
640614,644,696
640716,649,696
640816,670,696
640917,658,696
641019,646,697
641120,645,697
641220,644,697
641322,644,697
641423,644,697
641525,644,697
641625,644,697
641726,644,697
641828,643,697
641929,643,697
642029,643,697
642131,643,697
642232,643,697
642334,643,697
642434,643,697
642535,643,697
642637,643,697
642738,643,696
642839,643,697
642940,643,697
643041,642,696
643143,642,696
643244,642,696
643344,642,696
643446,642,696
643547,642,696
643648,642,696
643749,642,696
643850,646,696
643951,665,696
644053,668,696
644153,639,696
644255,637,696
644356,638,696
644457,638,696
644558,638,696
644659,638,696
644760,638,696
644862,638,696
644962,638,696
645064,638,696
645165,638,696
645266,638,696
645367,638,696
645468,638,696
645569,638,696
645671,637,696
645772,637,696
645872,637,696
645974,637,696
646075,637,696
646177,637,696
646277,637,696
646378,637,696
646480,637,696
646581,637,696
646681,637,696
646783,637,696
646884,641,696
646986,636,696
647086,631,696
647187,632,696
647289,632,696
647390,633,696
647490,633,696
647592,633,696
647693,633,696
647795,633,696
647895,633,696
647996,633,696
648098,633,696
648199,632,696
648299,632,696
648401,632,696
648502,632,696
648604,632,696
648704,632,696
648805,632,696
648907,632,696
649008,632,696
649108,632,696
649210,632,696
649311,632,696
649412,632,696
649514,632,NA
